Workbook

Sheet Read Me
A1: PlySpy: 3-ply delivered toilet paper value tracker
A3: How to use this workbook
A5: 1 | B5: Enter products on the Listings sheet. The workbook only ranks products where ply = 3, in_stock = Yes, delivery_available = Yes, and sheet count is known.
A6: 2 | B6: Use 'Standalone order' when toilet paper is the only item being delivered. Use 'Grocery add-on' when you were already doing a grocery shop and delivery should not be counted.
A7: 3 | B7: The Dashboard pulls the top 10 by adjusted_value_score. Lower score = better value.
A8: 4 | B8: No dynamic array formulas are used, so this version should open cleanly in Excel for Mac/Windows.
A9: 5 | B9: For real comparisons, replace the demo rows with actual product listings and source URLs.

Sheet Listings
A1: date_checked | B1: retailer | C1: product_name | D1: brand | E1: url | F1: pack_price | G1: member_price | H1: effective_price | I1: delivery_mode | J1: delivery_fee | K1: small_order_charge | L1: delivered_price | M1: rolls_per_pack | N1: sheets_per_roll | O1: total_sheets | P1: ply | Q1: sheet_width_mm | R1: sheet_length_mm | S1: sheet_area_m2 | T1: total_area_m2 | U1: price_per_roll | V1: price_per_100_sheets | W1: price_per_m2 | X1: rating | Y1: review_count | Z1: in_stock | AA1: delivery_available | AB1: total_sheets_source | AC1: data_confidence | AD1: include_status | AE1: quality_multiplier | AF1: adjusted_value_score | AG1: rank | AH1: last_verified | AI1: notes
A2: 46185 | B2: Aldi | C2: Saxon Premium Toilet Paper | D2: Saxon | E2: https://www.aldi.co.uk/product/saxon-premium-toilet-paper-12-pack-000000000000632047 | F2: 4.99 | H2: =IF(F2="","",IF(G2="",F2,G2)) -> 4.99 | I2: Standalone order | J2: 0 | K2: 0 | L2: =IF(H2="","",IF(I2="Grocery add-on",H2,H2+N(J2)+N(K2))) -> 4.99 | M2: 12 | N2: 320 | O2: =IF(OR(M2="",N2=""),"",M2*N2) -> 3840 | P2: 3 | S2: =IF(OR(Q2="",R2=""),"",Q2*R2/1000000) | T2: =IF(OR(O2="",S2=""),"",O2*S2) | U2: =IFERROR(L2/M2,"") -> 0.41583333 | V2: =IFERROR(L2/O2*100,"") -> 0.12994792 | W2: =IFERROR(L2/T2,"") | Z2: Yes | AA2: Yes | AB2: Direct | AC2: =IF(A2="","",IF(AND(H2<>"",M2<>"",N2<>"",P2=3,Z2="Yes",AA2="Yes"),"High",IF(AND(H2<>"",M2<>"",N2<>""),"Medium","Low"))) -> High | AD2: =IF(AND(P2>=3,Z2="Yes",AA2="Yes",O2<>"",L2<>""),"Include","Exclude") -> Include | AE2: =IF(A2="","",IF(OR(ListingsTable[[#This Row],[rating]]="",ListingsTable[[#This Row],[review_count]]=""),1.03,IF(ListingsTable[[#This Row],[review_count]]<10,1,IF(ListingsTable[[#This Row],[rating]]>=4.5,0.95,IF(ListingsTable[[#This Row],[rating]]>=4,1,IF(ListingsTable[[#This Row],[rating]]<3.8,1.05,1)))))) -> 1.03 | AF2: =IF(AD2="Include",V2*AE2,"") -> 0.13384635 | AG2: =IF(AF2="","",COUNTIFS($AF$2:$AF$76,"<"&AF2,$AD$2:$AD$76,"Include")+COUNTIFS($AF$2:AF2,AF2,$AD$2:AD2,"Include")) -> 1
A3: 46188 | B3: Amazon | C3: Lusheen Soft Quilted Toilet Rolls Bulk Buy | D3: Lusheen | E3: https://www.amazon.co.uk/Lusheen-Soft-Quilted-Toilet-Rolls/dp/B0FS1XXWCP/ref=sr_1_62?dib=eyJ2IjoiMSJ9.zLBvAWWN9LXeSGaNKgq_kwu6K1tlIUQdQ3a_4ewJtlE4qQ5y8DlucRLVp_it6y2lT9Uysy5s91Jtpyca3GJsv58AKGjDe5GuyTokuf0pLuT1_rCCxETb1BiZpYsPLtCwLawjed9U8b5A8Pydxb_3mMxg_sDdo6U5pXdELasD7ydsMqXbqDle7JsKTYxfiF0s12xowJD9FwgD3Abj05V9F1FQU1bviCm5doI-7Iu2zPERwvnjX9Ke7E-Mf-2ELd1tbut23mbKYpXSXH0lIOAFQnrwfonOaq4np4WztNOX5T4.wrBMswEacn4pfixDjRlhv2_T6bhTNv02JKGWJOoCHCw&dib_tag=se&keywords=toilet+rolls+3ply&qid=1781348762&xpid=FjHbdT4PCS1_n | F3: 9.99 | H3: =IF(F3="","",IF(G3="",F3,G3)) -> 9.99 | I3: Standalone order | J3: 0 | K3: 0 | L3: =IF(H3="","",IF(I3="Grocery add-on",H3,H3+N(J3)+N(K3))) -> 9.99 | M3: 45 | N3: 155 | O3: =IF(OR(M3="",N3=""),"",M3*N3) -> 6975 | P3: 3 | S3: =IF(OR(Q3="",R3=""),"",Q3*R3/1000000) | T3: =IF(OR(O3="",S3=""),"",O3*S3) | U3: =IFERROR(L3/M3,"") -> 0.222 | V3: =IFERROR(L3/O3*100,"") -> 0.14322581 | W3: =IFERROR(L3/T3,"") | X3: 5 | Y3: 2 | Z3: Yes | AA3: Yes | AB3: Direct | AC3: =IF(A3="","",IF(AND(H3<>"",M3<>"",N3<>"",P3=3,Z3="Yes",AA3="Yes"),"High",IF(AND(H3<>"",M3<>"",N3<>""),"Medium","Low"))) -> High | AD3: =IF(AND(P3>=3,Z3="Yes",AA3="Yes",O3<>"",L3<>""),"Include","Exclude") -> Include | AE3: =IF(A3="","",IF(OR(ListingsTable[[#This Row],[rating]]="",ListingsTable[[#This Row],[review_count]]=""),1.03,IF(ListingsTable[[#This Row],[review_count]]<10,1,IF(ListingsTable[[#This Row],[rating]]>=4.5,0.95,IF(ListingsTable[[#This Row],[rating]]>=4,1,IF(ListingsTable[[#This Row],[rating]]<3.8,1.05,1)))))) -> 1 | AF3: =IF(AD3="Include",V3*AE3,"") -> 0.14322581 | AG3: =IF(AF3="","",COUNTIFS($AF$2:$AF$76,"<"&AF3,$AD$2:$AD$76,"Include")+COUNTIFS($AF$2:AF3,AF3,$AD$2:AD3,"Include")) -> 2
A4: 46185 | B4: Home Bargains | C4: Nicky Elite Quilted 3 Ply Toilet Rolls 64 Pack | D4: Nicky | E4: https://home.bargains/product/661dc0c2-2147-4d26-ad99-1334b3c19db4/nicky-elite-quilted-3-ply-toilet-rolls-64-pack-delivery-included?qid=f75f1b64a41775a62f475de1c55991cc | F4: 17.98 | H4: 17.98 | I4: Standalone order | J4: 0 | K4: 0 | L4: =IF(H4="","",IF(I4="Grocery add-on",H4,H4+N(J4)+N(K4))) -> 17.98 | M4: 64 | N4: 200 | O4: =IF(OR(M4="",N4=""),"",M4*N4) -> 12800 | P4: 3 | S4: =IF(OR(Q4="",R4=""),"",Q4*R4/1000000) | T4: =IF(OR(O4="",S4=""),"",O4*S4) | U4: =IFERROR(L4/M4,"") -> 0.2809375 | V4: =IFERROR(L4/O4*100,"") -> 0.14046875 | W4: =IFERROR(L4/T4,"") | Z4: Yes | AA4: Yes | AB4: Direct | AC4: =IF(A4="","",IF(AND(H4<>"",M4<>"",N4<>"",P4=3,Z4="Yes",AA4="Yes"),"High",IF(AND(H4<>"",M4<>"",N4<>""),"Medium","Low"))) -> High | AD4: =IF(AND(P4>=3,Z4="Yes",AA4="Yes",O4<>"",L4<>""),"Include","Exclude") -> Include | AE4: =IF(A4="","",IF(OR(ListingsTable[[#This Row],[rating]]="",ListingsTable[[#This Row],[review_count]]=""),1.03,IF(ListingsTable[[#This Row],[review_count]]<10,1,IF(ListingsTable[[#This Row],[rating]]>=4.5,0.95,IF(ListingsTable[[#This Row],[rating]]>=4,1,IF(ListingsTable[[#This Row],[rating]]<3.8,1.05,1)))))) -> 1.03 | AF4: =IF(AD4="Include",V4*AE4,"") -> 0.14468281 | AG4: =IF(AF4="","",COUNTIFS($AF$2:$AF$76,"<"&AF4,$AD$2:$AD$76,"Include")+COUNTIFS($AF$2:AF4,AF4,$AD$2:AD4,"Include")) -> 3
A5: 46185 | B5: Tesco | C5: Little Duck Supreme Quilted Toilet Tissue | D5: Little Duck | E5: https://www.tesco.com/shop/en-GB/products/321034855?_gl=1*sk0av2*_up*MQ..*_ga*Njg3NDQwODQyLjE3ODEzMDY1OTI.*_ga_H653QXESTP*czE3ODEzMDY1ODkkbzEkZzAkdDE3ODEzMDY1OTEkajU4JGwwJGg2MzYzNjI3Mjg.*_ga_33B19D36CY*czE3ODEzMDY1OTEkbzEkZzEkdDE3ODEzMDY5MTEkajYwJGwwJGgxNTA2NjcyMjk0 | F5: 6 | H5: =IF(F5="","",IF(G5="",F5,G5)) -> 6 | I5: Standalone order | J5: 0 | K5: 0 | L5: =IF(H5="","",IF(I5="Grocery add-on",H5,H5+N(J5)+N(K5))) -> 6 | M5: 16 | N5: 240 | O5: =IF(OR(M5="",N5=""),"",M5*N5) -> 3840 | P5: 3 | S5: =IF(OR(Q5="",R5=""),"",Q5*R5/1000000) | T5: =IF(OR(O5="",S5=""),"",O5*S5) | U5: =IFERROR(L5/M5,"") -> 0.375 | V5: =IFERROR(L5/O5*100,"") -> 0.15625 | W5: =IFERROR(L5/T5,"") | X5: 3.2 | Y5: 63 | Z5: Yes | AA5: Yes | AB5: Direct | AC5: =IF(A5="","",IF(AND(H5<>"",M5<>"",N5<>"",P5=3,Z5="Yes",AA5="Yes"),"High",IF(AND(H5<>"",M5<>"",N5<>""),"Medium","Low"))) -> High | AD5: =IF(AND(P5>=3,Z5="Yes",AA5="Yes",O5<>"",L5<>""),"Include","Exclude") -> Include | AE5: =IF(A5="","",IF(OR(ListingsTable[[#This Row],[rating]]="",ListingsTable[[#This Row],[review_count]]=""),1.03,IF(ListingsTable[[#This Row],[review_count]]<10,1,IF(ListingsTable[[#This Row],[rating]]>=4.5,0.95,IF(ListingsTable[[#This Row],[rating]]>=4,1,IF(ListingsTable[[#This Row],[rating]]<3.8,1.05,1)))))) -> 1.05 | AF5: =IF(AD5="Include",V5*AE5,"") -> 0.1640625 | AG5: =IF(AF5="","",COUNTIFS($AF$2:$AF$76,"<"&AF5,$AD$2:$AD$76,"Include")+COUNTIFS($AF$2:AF5,AF5,$AD$2:AD5,"Include")) -> 4
A6: 46188 | B6: Amazon | C6: Serenity Toilet Rolls | D6: Serenity | E6: https://www.amazon.co.uk/dp/B0F9X2GWGG/ref=sspa_dk_detail_3?pd_rd_i=B0F9X2GWGG&pd_rd_w=YFjNz&content-id=amzn1.sym.2f04b396-4cf6-4c10-837f-e222197e3b38&pf_rd_p=2f04b396-4cf6-4c10-837f-e222197e3b38&pf_rd_r=ZNA7W733GQ76FAY9A47Y&pd_rd_wg=KCuZj&pd_rd_r=9a025201-41a8-4ecb-8339-9caf239e3056&aref=GjSls8fb7p&sp_csd=d2lkZ2V0TmFtZT1zcF9kZXRhaWxfdGhlbWF0aWM&th=1 | F6: 18.99 | H6: =IF(F6="","",IF(G6="",F6,G6)) -> 18.99 | I6: Standalone order | J6: 0 | K6: 0 | L6: =IF(H6="","",IF(I6="Grocery add-on",H6,H6+N(J6)+N(K6))) -> 18.99 | M6: 72 | N6: 160 | O6: =IF(OR(M6="",N6=""),"",M6*N6) -> 11520 | P6: 3 | Q6: 104 | R6: 107 | S6: =IF(OR(Q6="",R6=""),"",Q6*R6/1000000) -> 0.011128 | T6: =IF(OR(O6="",S6=""),"",O6*S6) -> 128.19456 | U6: =IFERROR(L6/M6,"") -> 0.26375 | V6: =IFERROR(L6/O6*100,"") -> 0.16484375 | W6: =IFERROR(L6/T6,"") -> 0.14813421 | X6: 4.2 | Y6: 477 | Z6: Yes | AA6: Yes | AB6: Direct | AC6: =IF(A6="","",IF(AND(H6<>"",M6<>"",N6<>"",P6=3,Z6="Yes",AA6="Yes"),"High",IF(AND(H6<>"",M6<>"",N6<>""),"Medium","Low"))) -> High | AD6: =IF(AND(P6>=3,Z6="Yes",AA6="Yes",O6<>"",L6<>""),"Include","Exclude") -> Include | AE6: =IF(A6="","",IF(OR(ListingsTable[[#This Row],[rating]]="",ListingsTable[[#This Row],[review_count]]=""),1.03,IF(ListingsTable[[#This Row],[review_count]]<10,1,IF(ListingsTable[[#This Row],[rating]]>=4.5,0.95,IF(ListingsTable[[#This Row],[rating]]>=4,1,IF(ListingsTable[[#This Row],[rating]]<3.8,1.05,1)))))) -> 1 | AF6: =IF(AD6="Include",V6*AE6,"") -> 0.16484375 | AG6: =IF(AF6="","",COUNTIFS($AF$2:$AF$76,"<"&AF6,$AD$2:$AD$76,"Include")+COUNTIFS($AF$2:AF6,AF6,$AD$2:AD6,"Include")) -> 5
A7: 46185 | B7: Home Bargains | C7: Premium Comfy Soft Quilted 3 Ply Toilet Tissue | D7: Premium Comfy | E7: https://home.bargains/product/82ee3af9-627d-4995-9914-a93fa929d359/premium-comfy-soft-quilted-3-ply-toilet-tissue-24-rolls-x3-delivery-included?qid=f75f1b64a41775a62f475de1c55991cc | F7: 18.99 | H7: =IF(F7="","",IF(G7="",F7,G7)) -> 18.99 | I7: Standalone order | J7: 0 | K7: 0 | L7: =IF(H7="","",IF(I7="Grocery add-on",H7,H7+N(J7)+N(K7))) -> 18.99 | M7: 72 | N7: 160 | O7: =IF(OR(M7="",N7=""),"",M7*N7) -> 11520 | P7: 3 | Q7: 115 | R7: 105 | S7: =IF(OR(Q7="",R7=""),"",Q7*R7/1000000) -> 0.012075 | T7: =IF(OR(O7="",S7=""),"",O7*S7) -> 139.104 | U7: =IFERROR(L7/M7,"") -> 0.26375 | V7: =IFERROR(L7/O7*100,"") -> 0.16484375 | W7: =IFERROR(L7/T7,"") -> 0.13651656 | Z7: Yes | AA7: Yes | AB7: Direct | AC7: =IF(A7="","",IF(AND(H7<>"",M7<>"",N7<>"",P7=3,Z7="Yes",AA7="Yes"),"High",IF(AND(H7<>"",M7<>"",N7<>""),"Medium","Low"))) -> High | AD7: =IF(AND(P7>=3,Z7="Yes",AA7="Yes",O7<>"",L7<>""),"Include","Exclude") -> Include | AE7: =IF(A7="","",IF(OR(ListingsTable[[#This Row],[rating]]="",ListingsTable[[#This Row],[review_count]]=""),1.03,IF(ListingsTable[[#This Row],[review_count]]<10,1,IF(ListingsTable[[#This Row],[rating]]>=4.5,0.95,IF(ListingsTable[[#This Row],[rating]]>=4,1,IF(ListingsTable[[#This Row],[rating]]<3.8,1.05,1)))))) -> 1.03 | AF7: =IF(AD7="Include",V7*AE7,"") -> 0.16978906 | AG7: =IF(AF7="","",COUNTIFS($AF$2:$AF$76,"<"&AF7,$AD$2:$AD$76,"Include")+COUNTIFS($AF$2:AF7,AF7,$AD$2:AD7,"Include")) -> 6
A8: 46188 | B8: Amazon | C8: Serenity Toilet Tissue | D8: Serenity | E8: https://www.amazon.co.uk/Serenity-Quilted-Luxuriously-Hypoallergenic-Sustainable/dp/B0DZ18FKFY/ref=sr_1_13_sspa?dib=eyJ2IjoiMSJ9.0VrQIYFNkddqjafxnBR4YTeWgT5cLGR5Y8SPipAYeZS7pFul15p3BNZPd_roKbmNl9KhjGGNEDuDFHWeP6gZK3n554gP9GbeOL7U6C9yEYVshr-m1kTidS7YVXLWWw8AaLPFGJWLKYZq4oftUEF_sYbAfbLrgnQChJRXcNYBXpD8kBom22EdiTv9sy8TAzYdXzr7vaec0trGkYXh8cxLh-UrEUvkYocXltZ4T1_IDxgnO91LF_hDl_Gv_unq777iVpJKCaDCRyz2vRRT3upJJXWAGp_rvuI7HVkbnVW4ZZM.Z9LHQyKSlJpjdNFJrgAVwXrwtwqWXrNRFB5oyJ00uso&dib_tag=se&keywords=toilet%2Brolls%2B3ply&qid=1781348685&sr=8-13-spons&aref=rwCRoscNUH&sp_csd=d2lkZ2V0TmFtZT1zcF9tdGY&th=1 | F8: 14.15 | H8: =IF(F8="","",IF(G8="",F8,G8)) -> 14.15 | I8: Standalone order | J8: 0 | K8: 0 | L8: =IF(H8="","",IF(I8="Grocery add-on",H8,H8+N(J8)+N(K8))) -> 14.15 | M8: 54 | N8: 150 | O8: =IF(OR(M8="",N8=""),"",M8*N8) -> 8100 | P8: 3 | S8: =IF(OR(Q8="",R8=""),"",Q8*R8/1000000) | T8: =IF(OR(O8="",S8=""),"",O8*S8) | U8: =IFERROR(L8/M8,"") -> 0.26203704 | V8: =IFERROR(L8/O8*100,"") -> 0.17469136 | W8: =IFERROR(L8/T8,"") | X8: 4.4 | Y8: 233 | Z8: Yes | AA8: Yes | AB8: Direct | AC8: =IF(A8="","",IF(AND(H8<>"",M8<>"",N8<>"",P8=3,Z8="Yes",AA8="Yes"),"High",IF(AND(H8<>"",M8<>"",N8<>""),"Medium","Low"))) -> High | AD8: =IF(AND(P8>=3,Z8="Yes",AA8="Yes",O8<>"",L8<>""),"Include","Exclude") -> Include | AE8: =IF(A8="","",IF(OR(ListingsTable[[#This Row],[rating]]="",ListingsTable[[#This Row],[review_count]]=""),1.03,IF(ListingsTable[[#This Row],[review_count]]<10,1,IF(ListingsTable[[#This Row],[rating]]>=4.5,0.95,IF(ListingsTable[[#This Row],[rating]]>=4,1,IF(ListingsTable[[#This Row],[rating]]<3.8,1.05,1)))))) -> 1 | AF8: =IF(AD8="Include",V8*AE8,"") -> 0.17469136 | AG8: =IF(AF8="","",COUNTIFS($AF$2:$AF$76,"<"&AF8,$AD$2:$AD$76,"Include")+COUNTIFS($AF$2:AF8,AF8,$AD$2:AD8,"Include")) -> 7
A9: 46188 | B9: Amazon | C9: Softlux Toilet Rolls | D9: Softlux | E9: https://www.amazon.co.uk/Softlux-Toilet-Embossed-Quilted-Unscented/dp/B0GMJZL6T8/ref=sr_1_84?dib=eyJ2IjoiMSJ9.zLBvAWWN9LXeSGaNKgq_kwu6K1tlIUQdQ3a_4ewJtlE4qQ5y8DlucRLVp_it6y2lT9Uysy5s91Jtpyca3GJsv58AKGjDe5GuyTokuf0pLuT1_rCCxETb1BiZpYsPLtCwLawjed9U8b5A8Pydxb_3mMxg_sDdo6U5pXdELasD7ydsMqXbqDle7JsKTYxfiF0s12xowJD9FwgD3Abj05V9F1FQU1bviCm5doI-7Iu2zPERwvnjX9Ke7E-Mf-2ELd1tbut23mbKYpXSXH0lIOAFQnrwfonOaq4np4WztNOX5T4.wrBMswEacn4pfixDjRlhv2_T6bhTNv02JKGWJOoCHCw&dib_tag=se&keywords=toilet+rolls+3ply&qid=1781348762&xpid=FjHbdT4PCS1_n | F9: 25.49 | H9: =IF(F9="","",IF(G9="",F9,G9)) -> 25.49 | I9: Standalone order | J9: 0 | K9: 0 | L9: =IF(H9="","",IF(I9="Grocery add-on",H9,H9+N(J9)+N(K9))) -> 25.49 | M9: 120 | N9: 120 | O9: =IF(OR(M9="",N9=""),"",M9*N9) -> 14400 | P9: 3 | S9: =IF(OR(Q9="",R9=""),"",Q9*R9/1000000) | T9: =IF(OR(O9="",S9=""),"",O9*S9) | U9: =IFERROR(L9/M9,"") -> 0.21241667 | V9: =IFERROR(L9/O9*100,"") -> 0.17701389 | W9: =IFERROR(L9/T9,"") | X9: 4.3 | Y9: 18 | Z9: Yes | AA9: Yes | AB9: Direct | AC9: =IF(A9="","",IF(AND(H9<>"",M9<>"",N9<>"",P9=3,Z9="Yes",AA9="Yes"),"High",IF(AND(H9<>"",M9<>"",N9<>""),"Medium","Low"))) -> High | AD9: =IF(AND(P9>=3,Z9="Yes",AA9="Yes",O9<>"",L9<>""),"Include","Exclude") -> Include | AE9: =IF(A9="","",IF(OR(ListingsTable[[#This Row],[rating]]="",ListingsTable[[#This Row],[review_count]]=""),1.03,IF(ListingsTable[[#This Row],[review_count]]<10,1,IF(ListingsTable[[#This Row],[rating]]>=4.5,0.95,IF(ListingsTable[[#This Row],[rating]]>=4,1,IF(ListingsTable[[#This Row],[rating]]<3.8,1.05,1)))))) -> 1 | AF9: =IF(AD9="Include",V9*AE9,"") -> 0.17701389 | AG9: =IF(AF9="","",COUNTIFS($AF$2:$AF$76,"<"&AF9,$AD$2:$AD$76,"Include")+COUNTIFS($AF$2:AF9,AF9,$AD$2:AD9,"Include")) -> 8
A10: 46185 | B10: Morrisons | C10: Elegance Gentle Quilted Toilet Paper | D10: Elegance | E10: https://groceries.morrisons.com/products/elegance-gentle-quilted-toilet-paper-24-pack/113348943 | F10: 6.5 | H10: =IF(F10="","",IF(G10="",F10,G10)) -> 6.5 | I10: Standalone order | J10: 0 | K10: 0 | L10: =IF(H10="","",IF(I10="Grocery add-on",H10,H10+N(J10)+N(K10))) -> 6.5 | M10: 24 | N10: 160 | O10: =IF(OR(M10="",N10=""),"",M10*N10) -> 3840 | P10: 3 | Q10: 110 | R10: 96 | S10: =IF(OR(Q10="",R10=""),"",Q10*R10/1000000) -> 0.01056 | T10: =IF(OR(O10="",S10=""),"",O10*S10) -> 40.5504 | U10: =IFERROR(L10/M10,"") -> 0.27083333 | V10: =IFERROR(L10/O10*100,"") -> 0.16927083 | W10: =IFERROR(L10/T10,"") -> 0.16029435 | X10: 3.7 | Y10: 28 | Z10: Yes | AA10: Yes | AB10: Direct | AC10: =IF(A10="","",IF(AND(H10<>"",M10<>"",N10<>"",P10=3,Z10="Yes",AA10="Yes"),"High",IF(AND(H10<>"",M10<>"",N10<>""),"Medium","Low"))) -> High | AD10: =IF(AND(P10>=3,Z10="Yes",AA10="Yes",O10<>"",L10<>""),"Include","Exclude") -> Include | AE10: =IF(A10="","",IF(OR(ListingsTable[[#This Row],[rating]]="",ListingsTable[[#This Row],[review_count]]=""),1.03,IF(ListingsTable[[#This Row],[review_count]]<10,1,IF(ListingsTable[[#This Row],[rating]]>=4.5,0.95,IF(ListingsTable[[#This Row],[rating]]>=4,1,IF(ListingsTable[[#This Row],[rating]]<3.8,1.05,1)))))) -> 1.05 | AF10: =IF(AD10="Include",V10*AE10,"") -> 0.17773438 | AG10: =IF(AF10="","",COUNTIFS($AF$2:$AF$76,"<"&AF10,$AD$2:$AD$76,"Include")+COUNTIFS($AF$2:AF10,AF10,$AD$2:AD10,"Include")) -> 9
A11: 46188 | B11: Amazon | C11: Eloquence Super Soft Luxuriously Quilted Toilet Tissue Rolls | D11: Eloquence | E11: https://www.amazon.co.uk/Eloquence-Luxuriously-Carefully-Manufactured-Certified/dp/B0GCWW9SLH/ref=sr_1_104?dib=eyJ2IjoiMSJ9.0aKA_PMLIKi2qGTchC6dPM5zhv8QsLw5eUUuDlCSE_fciUTE0oVddZ7NNloM0K-kT9TfCodEDyPi97i00T3eKQDFnA5_sVmcnAjpT7sw9YeRI-stOQCHUaKr9uHkw8uLqJaQbjwE3RYh-mL_1dAvjGWh3f9KlQ0Tf_-utSX-4MrlcYA5jXUL5eeX2WJNsr6V00EpqfrEXfjbhCqqZfmmG3pFt9JnDVJmN3he0e56IBi-Ou8B8eM1tIoPirzfizNAfJbmX96Q6ofLwnboOt2irCSCGUCqO7ZPjjqn83S6mnY.w6hjR7-hjluwhACGaPledFpWgPZmiomJwu0HguJEeWc&dib_tag=se&keywords=toilet+rolls+3ply&qid=1781537902&xpid=FjHbdT4PCS1_n | F11: 18.49 | H11: =IF(F11="","",IF(G11="",F11,G11)) -> 18.49 | I11: Standalone order | J11: 0 | K11: 0 | L11: =IF(H11="","",IF(I11="Grocery add-on",H11,H11+N(J11)+N(K11))) -> 18.49 | M11: 60 | N11: 170 | O11: =IF(OR(M11="",N11=""),"",M11*N11) -> 10200 | P11: 3 | S11: =IF(OR(Q11="",R11=""),"",Q11*R11/1000000) | T11: =IF(OR(O11="",S11=""),"",O11*S11) | U11: =IFERROR(L11/M11,"") -> 0.30816667 | V11: =IFERROR(L11/O11*100,"") -> 0.18127451 | W11: =IFERROR(L11/T11,"") | X11: 4.6 | Y11: 7 | Z11: Yes | AA11: Yes | AB11: Direct | AC11: =IF(A11="","",IF(AND(H11<>"",M11<>"",N11<>"",P11=3,Z11="Yes",AA11="Yes"),"High",IF(AND(H11<>"",M11<>"",N11<>""),"Medium","Low"))) -> High | AD11: =IF(AND(P11>=3,Z11="Yes",AA11="Yes",O11<>"",L11<>""),"Include","Exclude") -> Include | AE11: =IF(A11="","",IF(OR(ListingsTable[[#This Row],[rating]]="",ListingsTable[[#This Row],[review_count]]=""),1.03,IF(ListingsTable[[#This Row],[review_count]]<10,1,IF(ListingsTable[[#This Row],[rating]]>=4.5,0.95,IF(ListingsTable[[#This Row],[rating]]>=4,1,IF(ListingsTable[[#This Row],[rating]]<3.8,1.05,1)))))) -> 1 | AF11: =IF(AD11="Include",V11*AE11,"") -> 0.18127451 | AG11: =IF(AF11="","",COUNTIFS($AF$2:$AF$76,"<"&AF11,$AD$2:$AD$76,"Include")+COUNTIFS($AF$2:AF11,AF11,$AD$2:AD11,"Include")) -> 10
A12: 46188 | B12: Amazon | C12: Softesse Toilet Paper | D12: Softesse | E12: https://www.amazon.co.uk/Softesse-Toilet-Luxuriously-Hypoallergenic-Sustainable/dp/B0DWT6GRRM/ref=sr_1_22?dib=eyJ2IjoiMSJ9.0VrQIYFNkddqjafxnBR4YTeWgT5cLGR5Y8SPipAYeZS7pFul15p3BNZPd_roKbmNl9KhjGGNEDuDFHWeP6gZK3n554gP9GbeOL7U6C9yEYVshr-m1kTidS7YVXLWWw8AaLPFGJWLKYZq4oftUEF_sYbAfbLrgnQChJRXcNYBXpD8kBom22EdiTv9sy8TAzYdXzr7vaec0trGkYXh8cxLh-UrEUvkYocXltZ4T1_IDxgnO91LF_hDl_Gv_unq777iVpJKCaDCRyz2vRRT3upJJXWAGp_rvuI7HVkbnVW4ZZM.Z9LHQyKSlJpjdNFJrgAVwXrwtwqWXrNRFB5oyJ00uso&dib_tag=se&keywords=toilet%2Brolls%2B3ply&qid=1781348685&sr=8-22&th=1 | F12: 17.99 | H12: =IF(F12="","",IF(G12="",F12,G12)) -> 17.99 | I12: Standalone order | J12: 0 | K12: 0 | L12: =IF(H12="","",IF(I12="Grocery add-on",H12,H12+N(J12)+N(K12))) -> 17.99 | M12: 60 | N12: 160 | O12: =IF(OR(M12="",N12=""),"",M12*N12) -> 9600 | P12: 3 | S12: =IF(OR(Q12="",R12=""),"",Q12*R12/1000000) | T12: =IF(OR(O12="",S12=""),"",O12*S12) | U12: =IFERROR(L12/M12,"") -> 0.29983333 | V12: =IFERROR(L12/O12*100,"") -> 0.18739583 | W12: =IFERROR(L12/T12,"") | X12: 4.3 | Y12: 1772 | Z12: Yes | AA12: Yes | AB12: Direct | AC12: =IF(A12="","",IF(AND(H12<>"",M12<>"",N12<>"",P12=3,Z12="Yes",AA12="Yes"),"High",IF(AND(H12<>"",M12<>"",N12<>""),"Medium","Low"))) -> High | AD12: =IF(AND(P12>=3,Z12="Yes",AA12="Yes",O12<>"",L12<>""),"Include","Exclude") -> Include | AE12: =IF(A12="","",IF(OR(ListingsTable[[#This Row],[rating]]="",ListingsTable[[#This Row],[review_count]]=""),1.03,IF(ListingsTable[[#This Row],[review_count]]<10,1,IF(ListingsTable[[#This Row],[rating]]>=4.5,0.95,IF(ListingsTable[[#This Row],[rating]]>=4,1,IF(ListingsTable[[#This Row],[rating]]<3.8,1.05,1)))))) -> 1 | AF12: =IF(AD12="Include",V12*AE12,"") -> 0.18739583 | AG12: =IF(AF12="","",COUNTIFS($AF$2:$AF$76,"<"&AF12,$AD$2:$AD$76,"Include")+COUNTIFS($AF$2:AF12,AF12,$AD$2:AD12,"Include")) -> 11
A13: 46188 | B13: Amazon | C13: Panda Cuddle 3‑Ply Quilted Toilet Paper | D13: Panda | E13: https://www.amazon.co.uk/Panda-Cuddle-3%E2%80%91Ply-Quilted-Toilet/dp/B0F8S37RGW/ref=sr_1_28?dib=eyJ2IjoiMSJ9.0VrQIYFNkddqjafxnBR4YTeWgT5cLGR5Y8SPipAYeZS7pFul15p3BNZPd_roKbmNl9KhjGGNEDuDFHWeP6gZK3n554gP9GbeOL7U6C9yEYVshr-m1kTidS7YVXLWWw8AaLPFGJWLKYZq4oftUEF_sYbAfbLrgnQChJRXcNYBXpD8kBom22EdiTv9sy8TAzYdXzr7vaec0trGkYXh8cxLh-UrEUvkYocXltZ4T1_IDxgnO91LF_hDl_Gv_unq777iVpJKCaDCRyz2vRRT3upJJXWAGp_rvuI7HVkbnVW4ZZM.Z9LHQyKSlJpjdNFJrgAVwXrwtwqWXrNRFB5oyJ00uso&dib_tag=se&keywords=toilet%2Brolls%2B3ply&qid=1781348685&sr=8-28&th=1 | F13: 23.75 | H13: =IF(F13="","",IF(G13="",F13,G13)) -> 23.75 | I13: Standalone order | J13: 0 | K13: 0 | L13: =IF(H13="","",IF(I13="Grocery add-on",H13,H13+N(J13)+N(K13))) -> 23.75 | M13: 90 | N13: 140 | O13: =IF(OR(M13="",N13=""),"",M13*N13) -> 12600 | P13: 3 | S13: =IF(OR(Q13="",R13=""),"",Q13*R13/1000000) | T13: =IF(OR(O13="",S13=""),"",O13*S13) | U13: =IFERROR(L13/M13,"") -> 0.26388889 | V13: =IFERROR(L13/O13*100,"") -> 0.18849206 | W13: =IFERROR(L13/T13,"") | X13: 4.4 | Y13: 789 | Z13: Yes | AA13: Yes | AB13: Direct | AC13: =IF(A13="","",IF(AND(H13<>"",M13<>"",N13<>"",P13=3,Z13="Yes",AA13="Yes"),"High",IF(AND(H13<>"",M13<>"",N13<>""),"Medium","Low"))) -> High | AD13: =IF(AND(P13>=3,Z13="Yes",AA13="Yes",O13<>"",L13<>""),"Include","Exclude") -> Include | AE13: =IF(A13="","",IF(OR(ListingsTable[[#This Row],[rating]]="",ListingsTable[[#This Row],[review_count]]=""),1.03,IF(ListingsTable[[#This Row],[review_count]]<10,1,IF(ListingsTable[[#This Row],[rating]]>=4.5,0.95,IF(ListingsTable[[#This Row],[rating]]>=4,1,IF(ListingsTable[[#This Row],[rating]]<3.8,1.05,1)))))) -> 1 | AF13: =IF(AD13="Include",V13*AE13,"") -> 0.18849206 | AG13: =IF(AF13="","",COUNTIFS($AF$2:$AF$76,"<"&AF13,$AD$2:$AD$76,"Include")+COUNTIFS($AF$2:AF13,AF13,$AD$2:AD13,"Include")) -> 12
A14: 46188 | B14: Amazon | C14: DHANZIPAK Premium Quilted Toilet Paper | D14: DHANZIPAK | E14: https://www.amazon.co.uk/DHANZIPAK-Premium-Generous-Luxuriously-Absorbent/dp/B0DVRMTRPS/ref=sr_1_20_sspa?dib=eyJ2IjoiMSJ9.0VrQIYFNkddqjafxnBR4YTeWgT5cLGR5Y8SPipAYeZS7pFul15p3BNZPd_roKbmNl9KhjGGNEDuDFHWeP6gZK3n554gP9GbeOL7U6C9yEYVshr-m1kTidS7YVXLWWw8AaLPFGJWLKYZq4oftUEF_sYbAfbLrgnQChJRXcNYBXpD8kBom22EdiTv9sy8TAzYdXzr7vaec0trGkYXh8cxLh-UrEUvkYocXltZ4T1_IDxgnO91LF_hDl_Gv_unq777iVpJKCaDCRyz2vRRT3upJJXWAGp_rvuI7HVkbnVW4ZZM.Z9LHQyKSlJpjdNFJrgAVwXrwtwqWXrNRFB5oyJ00uso&dib_tag=se&keywords=toilet+rolls+3ply&qid=1781348685&sr=8-20-spons&aref=USNn1RsYDR&sp_csd=d2lkZ2V0TmFtZT1zcF9tdGY&psc=1 | F14: 16.99 | H14: =IF(F14="","",IF(G14="",F14,G14)) -> 16.99 | I14: Standalone order | J14: 0 | K14: 0 | L14: =IF(H14="","",IF(I14="Grocery add-on",H14,H14+N(J14)+N(K14))) -> 16.99 | M14: 54 | N14: 165 | O14: =IF(OR(M14="",N14=""),"",M14*N14) -> 8910 | P14: 3 | Q14: 95 | R14: 110 | S14: =IF(OR(Q14="",R14=""),"",Q14*R14/1000000) -> 0.01045 | T14: =IF(OR(O14="",S14=""),"",O14*S14) -> 93.1095 | U14: =IFERROR(L14/M14,"") -> 0.31462963 | V14: =IFERROR(L14/O14*100,"") -> 0.19068462 | W14: =IFERROR(L14/T14,"") -> 0.18247332 | X14: 4.2 | Y14: 254 | Z14: Yes | AA14: Yes | AB14: Direct | AC14: =IF(A14="","",IF(AND(H14<>"",M14<>"",N14<>"",P14=3,Z14="Yes",AA14="Yes"),"High",IF(AND(H14<>"",M14<>"",N14<>""),"Medium","Low"))) -> High | AD14: =IF(AND(P14>=3,Z14="Yes",AA14="Yes",O14<>"",L14<>""),"Include","Exclude") -> Include | AE14: =IF(A14="","",IF(OR(ListingsTable[[#This Row],[rating]]="",ListingsTable[[#This Row],[review_count]]=""),1.03,IF(ListingsTable[[#This Row],[review_count]]<10,1,IF(ListingsTable[[#This Row],[rating]]>=4.5,0.95,IF(ListingsTable[[#This Row],[rating]]>=4,1,IF(ListingsTable[[#This Row],[rating]]<3.8,1.05,1)))))) -> 1 | AF14: =IF(AD14="Include",V14*AE14,"") -> 0.19068462 | AG14: =IF(AF14="","",COUNTIFS($AF$2:$AF$76,"<"&AF14,$AD$2:$AD$76,"Include")+COUNTIFS($AF$2:AF14,AF14,$AD$2:AD14,"Include")) -> 13
A15: 46188 | B15: Amazon | C15: Gentille Quilted Bathroom Tissue Rolls | D15: Gentille | E15: https://www.amazon.co.uk/Gentille-Quilted-Bathroom-Tissue-Sustainable/dp/B0DRSXS64G/ref=sr_1_104?dib=eyJ2IjoiMSJ9.L9V_5TPJj1d4Orl59f-a3Fd0aTJAM1y3O1UF7rTtnme-gEqQjNRgrOFGqESwcK11bhQYxPuRD1DzPbhGgnzjtvvIquUXRxFuklmhVjoW5p4.nD_ubALX6aBUq8d0NaOShgAoWRurMYzFndWPIWVNtSg&dib_tag=se&keywords=toilet%2Brolls%2B3ply&qid=1781537902&xpid=FjHbdT4PCS1_n&th=1 | F15: 25 | H15: =IF(F15="","",IF(G15="",F15,G15)) -> 25 | I15: Standalone order | J15: 0 | K15: 0 | L15: =IF(H15="","",IF(I15="Grocery add-on",H15,H15+N(J15)+N(K15))) -> 25 | M15: 96 | N15: 135 | O15: =IF(OR(M15="",N15=""),"",M15*N15) -> 12960 | P15: 3 | S15: =IF(OR(Q15="",R15=""),"",Q15*R15/1000000) | T15: =IF(OR(O15="",S15=""),"",O15*S15) | U15: =IFERROR(L15/M15,"") -> 0.26041667 | V15: =IFERROR(L15/O15*100,"") -> 0.19290123 | W15: =IFERROR(L15/T15,"") | X15: 4.3 | Y15: 3365 | Z15: Yes | AA15: Yes | AB15: Direct | AC15: =IF(A15="","",IF(AND(H15<>"",M15<>"",N15<>"",P15=3,Z15="Yes",AA15="Yes"),"High",IF(AND(H15<>"",M15<>"",N15<>""),"Medium","Low"))) -> High | AD15: =IF(AND(P15>=3,Z15="Yes",AA15="Yes",O15<>"",L15<>""),"Include","Exclude") -> Include | AE15: =IF(A15="","",IF(OR(ListingsTable[[#This Row],[rating]]="",ListingsTable[[#This Row],[review_count]]=""),1.03,IF(ListingsTable[[#This Row],[review_count]]<10,1,IF(ListingsTable[[#This Row],[rating]]>=4.5,0.95,IF(ListingsTable[[#This Row],[rating]]>=4,1,IF(ListingsTable[[#This Row],[rating]]<3.8,1.05,1)))))) -> 1 | AF15: =IF(AD15="Include",V15*AE15,"") -> 0.19290123 | AG15: =IF(AF15="","",COUNTIFS($AF$2:$AF$76,"<"&AF15,$AD$2:$AD$76,"Include")+COUNTIFS($AF$2:AF15,AF15,$AD$2:AD15,"Include")) -> 14
A16: 46188 | B16: Amazon | C16: AmazonCommercial Toilet Roll | D16: Amazon | E16: https://www.amazon.co.uk/AmazonCommercial-Premium-Toilet-Tissue-rolls/dp/B08C61HFLD/ref=sr_1_91?dib=eyJ2IjoiMSJ9.zLBvAWWN9LXeSGaNKgq_kwu6K1tlIUQdQ3a_4ewJtlE4qQ5y8DlucRLVp_it6y2lT9Uysy5s91Jtpyca3GJsv58AKGjDe5GuyTokuf0pLuT1_rCCxETb1BiZpYsPLtCwLawjed9U8b5A8Pydxb_3mMxg_sDdo6U5pXdELasD7ydsMqXbqDle7JsKTYxfiF0s12xowJD9FwgD3Abj05V9F1FQU1bviCm5doI-7Iu2zPERwvnjX9Ke7E-Mf-2ELd1tbut23mbKYpXSXH0lIOAFQnrwfonOaq4np4WztNOX5T4.wrBMswEacn4pfixDjRlhv2_T6bhTNv02JKGWJOoCHCw&dib_tag=se&keywords=toilet%2Brolls%2B3ply&qid=1781348762&rdc=1&xpid=FjHbdT4PCS1_n&th=1 | F16: 34.59 | H16: =IF(F16="","",IF(G16="",F16,G16)) -> 34.59 | I16: Standalone order | J16: 0 | K16: 0 | L16: =IF(H16="","",IF(I16="Grocery add-on",H16,H16+N(J16)+N(K16))) -> 34.59 | M16: 72 | N16: 243 | O16: =IF(OR(M16="",N16=""),"",M16*N16) -> 17496 | P16: 3 | Q16: 94.6 | R16: 110 | S16: =IF(OR(Q16="",R16=""),"",Q16*R16/1000000) -> 0.010406 | T16: =IF(OR(O16="",S16=""),"",O16*S16) -> 182.06338 | U16: =IFERROR(L16/M16,"") -> 0.48041667 | V16: =IFERROR(L16/O16*100,"") -> 0.19770233 | W16: =IFERROR(L16/T16,"") -> 0.18998879 | X16: 4.4 | Y16: 1908 | Z16: Yes | AA16: Yes | AB16: Direct | AC16: =IF(A16="","",IF(AND(H16<>"",M16<>"",N16<>"",P16=3,Z16="Yes",AA16="Yes"),"High",IF(AND(H16<>"",M16<>"",N16<>""),"Medium","Low"))) -> High | AD16: =IF(AND(P16>=3,Z16="Yes",AA16="Yes",O16<>"",L16<>""),"Include","Exclude") -> Include | AE16: =IF(A16="","",IF(OR(ListingsTable[[#This Row],[rating]]="",ListingsTable[[#This Row],[review_count]]=""),1.03,IF(ListingsTable[[#This Row],[review_count]]<10,1,IF(ListingsTable[[#This Row],[rating]]>=4.5,0.95,IF(ListingsTable[[#This Row],[rating]]>=4,1,IF(ListingsTable[[#This Row],[rating]]<3.8,1.05,1)))))) -> 1 | AF16: =IF(AD16="Include",V16*AE16,"") -> 0.19770233 | AG16: =IF(AF16="","",COUNTIFS($AF$2:$AF$76,"<"&AF16,$AD$2:$AD$76,"Include")+COUNTIFS($AF$2:AF16,AF16,$AD$2:AD16,"Include")) -> 15
A17: 46185 | B17: Home Bargains | C17: Nicky Elite Quilted 3 Ply Toilet Rolls 18 Pack x4 | D17: Nicky | E17: https://home.bargains/product/9cec7f2d-557e-48ac-9f68-2d007f1e470d/nicky-elite-quilted-3-ply-toilet-rolls-18-pack-x4-delivery-included?qid=f75f1b64a41775a62f475de1c55991cc | F17: 23.92 | H17: =IF(F17="","",IF(G17="",F17,G17)) -> 23.92 | I17: Standalone order | J17: 0 | K17: 0 | L17: =IF(H17="","",IF(I17="Grocery add-on",H17,H17+N(J17)+N(K17))) -> 23.92 | M17: 72 | N17: 170 | O17: =IF(OR(M17="",N17=""),"",M17*N17) -> 12240 | P17: 3 | S17: =IF(OR(Q17="",R17=""),"",Q17*R17/1000000) | T17: =IF(OR(O17="",S17=""),"",O17*S17) | U17: =IFERROR(L17/M17,"") -> 0.33222222 | V17: =IFERROR(L17/O17*100,"") -> 0.19542484 | W17: =IFERROR(L17/T17,"") | Z17: Yes | AA17: Yes | AB17: Direct | AC17: =IF(A17="","",IF(AND(H17<>"",M17<>"",N17<>"",P17=3,Z17="Yes",AA17="Yes"),"High",IF(AND(H17<>"",M17<>"",N17<>""),"Medium","Low"))) -> High | AD17: =IF(AND(P17>=3,Z17="Yes",AA17="Yes",O17<>"",L17<>""),"Include","Exclude") -> Include | AE17: =IF(A17="","",IF(OR(ListingsTable[[#This Row],[rating]]="",ListingsTable[[#This Row],[review_count]]=""),1.03,IF(ListingsTable[[#This Row],[review_count]]<10,1,IF(ListingsTable[[#This Row],[rating]]>=4.5,0.95,IF(ListingsTable[[#This Row],[rating]]>=4,1,IF(ListingsTable[[#This Row],[rating]]<3.8,1.05,1)))))) -> 1.03 | AF17: =IF(AD17="Include",V17*AE17,"") -> 0.20128758 | AG17: =IF(AF17="","",COUNTIFS($AF$2:$AF$76,"<"&AF17,$AD$2:$AD$76,"Include")+COUNTIFS($AF$2:AF17,AF17,$AD$2:AD17,"Include")) -> 16
A18: 46185 | B18: Amazon | C18: by Amazon Toilet Roll | D18: Amazon | E18: https://www.amazon.co.uk/Amazon-Brand-Presto-Toilet-Tissues/dp/B08JDBBL9T/ref=sr_1_11_ffob_sspa?dib=eyJ2IjoiMSJ9.0VrQIYFNkddqjafxnBR4YTeWgT5cLGR5Y8SPipAYeZS7pFul15p3BNZPd_roKbmNl9KhjGGNEDuDFHWeP6gZK3n554gP9GbeOL7U6C9yEYVshr-m1kTidS7YVXLWWw8AaLPFGJWLKYZq4oftUEF_sYbAfbLrgnQChJRXcNYBXpD8kBom22EdiTv9sy8TAzYdXzr7vaec0trGkYXh8cxLh-UrEUvkYocXltZ4T1_IDxgnO91LF_hDl_Gv_unq777iVpJKCaDCRyz2vRRT3upJJXWAGp_rvuI7HVkbnVW4ZZM.Z9LHQyKSlJpjdNFJrgAVwXrwtwqWXrNRFB5oyJ00uso&dib_tag=se&keywords=toilet+rolls+3ply&qid=1781348685&rdc=1&sr=8-11-spons&aref=JmmPoa8Lx4&sp_csd=d2lkZ2V0TmFtZT1zcF9tdGY&psc=1 | F18: 18.47 | H18: =IF(F18="","",IF(G18="",F18,G18)) -> 18.47 | I18: Standalone order | J18: 0 | K18: 0 | L18: =IF(H18="","",IF(I18="Grocery add-on",H18,H18+N(J18)+N(K18))) -> 18.47 | M18: 45 | N18: 200 | O18: =IF(OR(M18="",N18=""),"",M18*N18) -> 9000 | P18: 3 | S18: =IF(OR(Q18="",R18=""),"",Q18*R18/1000000) | T18: =IF(OR(O18="",S18=""),"",O18*S18) | U18: =IFERROR(L18/M18,"") -> 0.41044444 | V18: =IFERROR(L18/O18*100,"") -> 0.20522222 | W18: =IFERROR(L18/T18,"") | X18: 4.4 | Y18: 1112 | Z18: Yes | AA18: Yes | AB18: Direct | AC18: =IF(A18="","",IF(AND(H18<>"",M18<>"",N18<>"",P18=3,Z18="Yes",AA18="Yes"),"High",IF(AND(H18<>"",M18<>"",N18<>""),"Medium","Low"))) -> High | AD18: =IF(AND(P18>=3,Z18="Yes",AA18="Yes",O18<>"",L18<>""),"Include","Exclude") -> Include | AE18: =IF(A18="","",IF(OR(ListingsTable[[#This Row],[rating]]="",ListingsTable[[#This Row],[review_count]]=""),1.03,IF(ListingsTable[[#This Row],[review_count]]<10,1,IF(ListingsTable[[#This Row],[rating]]>=4.5,0.95,IF(ListingsTable[[#This Row],[rating]]>=4,1,IF(ListingsTable[[#This Row],[rating]]<3.8,1.05,1)))))) -> 1 | AF18: =IF(AD18="Include",V18*AE18,"") -> 0.20522222 | AG18: =IF(AF18="","",COUNTIFS($AF$2:$AF$76,"<"&AF18,$AD$2:$AD$76,"Include")+COUNTIFS($AF$2:AF18,AF18,$AD$2:AD18,"Include")) -> 17
A19: 46185 | B19: Aldi | C19: Saxon Quilted Toilet Paper | D19: Saxon | E19: https://www.aldi.co.uk/product/saxon-quilted-toilet-paper-9-pack-000000000000648727 | F19: 2.99 | H19: =IF(F19="","",IF(G19="",F19,G19)) -> 2.99 | I19: Standalone order | J19: 0 | K19: 0 | L19: =IF(H19="","",IF(I19="Grocery add-on",H19,H19+N(J19)+N(K19))) -> 2.99 | M19: 9 | N19: 160 | O19: =IF(OR(M19="",N19=""),"",M19*N19) -> 1440 | P19: 3 | S19: =IF(OR(Q19="",R19=""),"",Q19*R19/1000000) | T19: =IF(OR(O19="",S19=""),"",O19*S19) | U19: =IFERROR(L19/M19,"") -> 0.33222222 | V19: =IFERROR(L19/O19*100,"") -> 0.20763889 | W19: =IFERROR(L19/T19,"") | Z19: Yes | AA19: Yes | AB19: Direct | AC19: =IF(A19="","",IF(AND(H19<>"",M19<>"",N19<>"",P19=3,Z19="Yes",AA19="Yes"),"High",IF(AND(H19<>"",M19<>"",N19<>""),"Medium","Low"))) -> High | AD19: =IF(AND(P19>=3,Z19="Yes",AA19="Yes",O19<>"",L19<>""),"Include","Exclude") -> Include | AE19: =IF(A19="","",IF(OR(ListingsTable[[#This Row],[rating]]="",ListingsTable[[#This Row],[review_count]]=""),1.03,IF(ListingsTable[[#This Row],[review_count]]<10,1,IF(ListingsTable[[#This Row],[rating]]>=4.5,0.95,IF(ListingsTable[[#This Row],[rating]]>=4,1,IF(ListingsTable[[#This Row],[rating]]<3.8,1.05,1)))))) -> 1.03 | AF19: =IF(AD19="Include",V19*AE19,"") -> 0.21386806 | AG19: =IF(AF19="","",COUNTIFS($AF$2:$AF$76,"<"&AF19,$AD$2:$AD$76,"Include")+COUNTIFS($AF$2:AF19,AF19,$AD$2:AD19,"Include")) -> 18
A20: 46185 | B20: Tesco Marketplace | C20: Freedom Inspirations Quilted Soft White 3 Ply Toilet Paper Roll | D20: Freedom | E20: https://www.tesco.com/shop/en-GB/products/330659961?seller=trn:tesco:seller:uuid:3ca332f5-c2df-406a-af90-1e145d277929&_gl=1*1pg7u36*_up*MQ..*_ga*Njg3NDQwODQyLjE3ODEzMDY1OTI.*_ga_H653QXESTP*czE3ODEzMDY1ODkkbzEkZzAkdDE3ODEzMDY1OTEkajU4JGwwJGg2MzYzNjI3Mjg.*_ga_33B19D36CY*czE3ODEzMDY1OTEkbzEkZzEkdDE3ODEzMDY2MTYkajM1JGwwJGgxNTA2NjcyMjk0 | F20: 15.49 | H20: =IF(F20="","",IF(G20="",F20,G20)) -> 15.49 | I20: Standalone order | J20: 0 | K20: 0 | L20: =IF(H20="","",IF(I20="Grocery add-on",H20,H20+N(J20)+N(K20))) -> 15.49 | M20: 45 | N20: 160 | O20: =IF(OR(M20="",N20=""),"",M20*N20) -> 7200 | P20: 3 | S20: =IF(OR(Q20="",R20=""),"",Q20*R20/1000000) | T20: =IF(OR(O20="",S20=""),"",O20*S20) | U20: =IFERROR(L20/M20,"") -> 0.34422222 | V20: =IFERROR(L20/O20*100,"") -> 0.21513889 | W20: =IFERROR(L20/T20,"") | X20: 4.5 | Y20: 2 | Z20: Yes | AA20: Yes | AB20: Direct | AC20: =IF(A20="","",IF(AND(H20<>"",M20<>"",N20<>"",P20=3,Z20="Yes",AA20="Yes"),"High",IF(AND(H20<>"",M20<>"",N20<>""),"Medium","Low"))) -> High | AD20: =IF(AND(P20>=3,Z20="Yes",AA20="Yes",O20<>"",L20<>""),"Include","Exclude") -> Include | AE20: =IF(A20="","",IF(OR(ListingsTable[[#This Row],[rating]]="",ListingsTable[[#This Row],[review_count]]=""),1.03,IF(ListingsTable[[#This Row],[review_count]]<10,1,IF(ListingsTable[[#This Row],[rating]]>=4.5,0.95,IF(ListingsTable[[#This Row],[rating]]>=4,1,IF(ListingsTable[[#This Row],[rating]]<3.8,1.05,1)))))) -> 1 | AF20: =IF(AD20="Include",V20*AE20,"") -> 0.21513889 | AG20: =IF(AF20="","",COUNTIFS($AF$2:$AF$76,"<"&AF20,$AD$2:$AD$76,"Include")+COUNTIFS($AF$2:AF20,AF20,$AD$2:AD20,"Include")) -> 19
A21: 46188 | B21: Amazon | C21: evoXL Luxury 3-Ply Toilet Tissue | D21: evoXL | E21: https://www.amazon.co.uk/evoXL-Luxury-3-Ply-Toilet-Tissue/dp/B0G1CPJN6T/ref=sr_1_53?dib=eyJ2IjoiMSJ9.zLBvAWWN9LXeSGaNKgq_kwu6K1tlIUQdQ3a_4ewJtlE4qQ5y8DlucRLVp_it6y2lT9Uysy5s91Jtpyca3GJsv58AKGjDe5GuyTokuf0pLuT1_rCCxETb1BiZpYsPLtCwLawjed9U8b5A8Pydxb_3mMxg_sDdo6U5pXdELasD7ydsMqXbqDle7JsKTYxfiF0s12xowJD9FwgD3Abj05V9F1FQU1bviCm5doI-7Iu2zPERwvnjX9Ke7E-Mf-2ELd1tbut23mbKYpXSXH0lIOAFQnrwfonOaq4np4WztNOX5T4.wrBMswEacn4pfixDjRlhv2_T6bhTNv02JKGWJOoCHCw&dib_tag=se&keywords=toilet+rolls+3ply&qid=1781348762&xpid=FjHbdT4PCS1_n | F21: 16.99 | H21: =IF(F21="","",IF(G21="",F21,G21)) -> 16.99 | I21: Standalone order | J21: 0 | K21: 0 | L21: =IF(H21="","",IF(I21="Grocery add-on",H21,H21+N(J21)+N(K21))) -> 16.99 | M21: 60 | N21: 130 | O21: =IF(OR(M21="",N21=""),"",M21*N21) -> 7800 | P21: 3 | S21: =IF(OR(Q21="",R21=""),"",Q21*R21/1000000) | T21: =IF(OR(O21="",S21=""),"",O21*S21) | U21: =IFERROR(L21/M21,"") -> 0.28316667 | V21: =IFERROR(L21/O21*100,"") -> 0.21782051 | W21: =IFERROR(L21/T21,"") | X21: 4.2 | Y21: 38 | Z21: Yes | AA21: Yes | AB21: Direct | AC21: =IF(A21="","",IF(AND(H21<>"",M21<>"",N21<>"",P21=3,Z21="Yes",AA21="Yes"),"High",IF(AND(H21<>"",M21<>"",N21<>""),"Medium","Low"))) -> High | AD21: =IF(AND(P21>=3,Z21="Yes",AA21="Yes",O21<>"",L21<>""),"Include","Exclude") -> Include | AE21: =IF(A21="","",IF(OR(ListingsTable[[#This Row],[rating]]="",ListingsTable[[#This Row],[review_count]]=""),1.03,IF(ListingsTable[[#This Row],[review_count]]<10,1,IF(ListingsTable[[#This Row],[rating]]>=4.5,0.95,IF(ListingsTable[[#This Row],[rating]]>=4,1,IF(ListingsTable[[#This Row],[rating]]<3.8,1.05,1)))))) -> 1 | AF21: =IF(AD21="Include",V21*AE21,"") -> 0.21782051 | AG21: =IF(AF21="","",COUNTIFS($AF$2:$AF$76,"<"&AF21,$AD$2:$AD$76,"Include")+COUNTIFS($AF$2:AF21,AF21,$AD$2:AD21,"Include")) -> 20
A22: 46188 | B22: Amazon | C22: value plus Quilted & Embossed Toilet Paper with Coconut | D22: value plus | E22: https://www.amazon.co.uk/Value-Plus-Quilted-Embossed-Bathroom/dp/B0FX51C56S/ref=sr_1_94?dib=eyJ2IjoiMSJ9.zLBvAWWN9LXeSGaNKgq_kwu6K1tlIUQdQ3a_4ewJtlE4qQ5y8DlucRLVp_it6y2lT9Uysy5s91Jtpyca3GJsv58AKGjDe5GuyTokuf0pLuT1_rCCxETb1BiZpYsPLtCwLawjed9U8b5A8Pydxb_3mMxg_sDdo6U5pXdELasD7ydsMqXbqDle7JsKTYxfiF0s12xowJD9FwgD3Abj05V9F1FQU1bviCm5doI-7Iu2zPERwvnjX9Ke7E-Mf-2ELd1tbut23mbKYpXSXH0lIOAFQnrwfonOaq4np4WztNOX5T4.wrBMswEacn4pfixDjRlhv2_T6bhTNv02JKGWJOoCHCw&dib_tag=se&keywords=toilet+rolls+3ply&qid=1781348762&xpid=FjHbdT4PCS1_n | F22: 14.99 | H22: =IF(F22="","",IF(G22="",F22,G22)) -> 14.99 | I22: Standalone order | J22: 0 | K22: 0 | L22: =IF(H22="","",IF(I22="Grocery add-on",H22,H22+N(J22)+N(K22))) -> 14.99 | M22: 45 | N22: 150 | O22: =IF(OR(M22="",N22=""),"",M22*N22) -> 6750 | P22: 3 | S22: =IF(OR(Q22="",R22=""),"",Q22*R22/1000000) | T22: =IF(OR(O22="",S22=""),"",O22*S22) | U22: =IFERROR(L22/M22,"") -> 0.33311111 | V22: =IFERROR(L22/O22*100,"") -> 0.22207407 | W22: =IFERROR(L22/T22,"") | X22: 4 | Y22: 34 | Z22: Yes | AA22: Yes | AB22: Direct | AC22: =IF(A22="","",IF(AND(H22<>"",M22<>"",N22<>"",P22=3,Z22="Yes",AA22="Yes"),"High",IF(AND(H22<>"",M22<>"",N22<>""),"Medium","Low"))) -> High | AD22: =IF(AND(P22>=3,Z22="Yes",AA22="Yes",O22<>"",L22<>""),"Include","Exclude") -> Include | AE22: =IF(A22="","",IF(OR(ListingsTable[[#This Row],[rating]]="",ListingsTable[[#This Row],[review_count]]=""),1.03,IF(ListingsTable[[#This Row],[review_count]]<10,1,IF(ListingsTable[[#This Row],[rating]]>=4.5,0.95,IF(ListingsTable[[#This Row],[rating]]>=4,1,IF(ListingsTable[[#This Row],[rating]]<3.8,1.05,1)))))) -> 1 | AF22: =IF(AD22="Include",V22*AE22,"") -> 0.22207407 | AG22: =IF(AF22="","",COUNTIFS($AF$2:$AF$76,"<"&AF22,$AD$2:$AD$76,"Include")+COUNTIFS($AF$2:AF22,AF22,$AD$2:AD22,"Include")) -> 21
A23: 46185 | B23: Sainsbury's | C23: Sainsbury's Super Soft Toilet Tissue, Quilted | D23: Sainsbury's | E23: https://www.sainsburys.co.uk/gol-ui/product/sainsburys-super-soft-toilet-tissue-quilted-x9-rolls | F23: 4 | G23: 3.5 | H23: =IF(F23="","",IF(G23="",F23,G23)) -> 3.5 | I23: Standalone order | J23: 0 | K23: 0 | L23: =IF(H23="","",IF(I23="Grocery add-on",H23,H23+N(J23)+N(K23))) -> 3.5 | M23: 9 | N23: 170 | O23: =IF(OR(M23="",N23=""),"",M23*N23) -> 1530 | P23: 3 | Q23: 122 | R23: 105 | S23: =IF(OR(Q23="",R23=""),"",Q23*R23/1000000) -> 0.01281 | T23: =IF(OR(O23="",S23=""),"",O23*S23) -> 19.5993 | U23: =IFERROR(L23/M23,"") -> 0.38888889 | V23: =IFERROR(L23/O23*100,"") -> 0.22875817 | W23: =IFERROR(L23/T23,"") -> 0.17857781 | X23: 4.2 | Y23: 456 | Z23: Yes | AA23: Yes | AB23: Direct | AC23: =IF(A23="","",IF(AND(H23<>"",M23<>"",N23<>"",P23=3,Z23="Yes",AA23="Yes"),"High",IF(AND(H23<>"",M23<>"",N23<>""),"Medium","Low"))) -> High | AD23: =IF(AND(P23>=3,Z23="Yes",AA23="Yes",O23<>"",L23<>""),"Include","Exclude") -> Include | AE23: =IF(A23="","",IF(OR(ListingsTable[[#This Row],[rating]]="",ListingsTable[[#This Row],[review_count]]=""),1.03,IF(ListingsTable[[#This Row],[review_count]]<10,1,IF(ListingsTable[[#This Row],[rating]]>=4.5,0.95,IF(ListingsTable[[#This Row],[rating]]>=4,1,IF(ListingsTable[[#This Row],[rating]]<3.8,1.05,1)))))) -> 1 | AF23: =IF(AD23="Include",V23*AE23,"") -> 0.22875817 | AG23: =IF(AF23="","",COUNTIFS($AF$2:$AF$76,"<"&AF23,$AD$2:$AD$76,"Include")+COUNTIFS($AF$2:AF23,AF23,$AD$2:AD23,"Include")) -> 22
A24: 46188 | B24: Amazon | C24: Regina Gentle Soft Toilet Tissue | D24: Regina | E24: https://www.amazon.co.uk/Regina-Gentle-Soft-Toilet-Tissue/dp/B0D986KBXQ/ref=sr_1_41?dib=eyJ2IjoiMSJ9.0VrQIYFNkddqjafxnBR4YTeWgT5cLGR5Y8SPipAYeZS7pFul15p3BNZPd_roKbmNl9KhjGGNEDuDFHWeP6gZK3n554gP9GbeOL7U6C9yEYVshr-m1kTidS7YVXLWWw8AaLPFGJWLKYZq4oftUEF_sYbAfbLrgnQChJRXcNYBXpD8kBom22EdiTv9sy8TAzYdXzr7vaec0trGkYXh8cxLh-UrEUvkYocXltZ4T1_IDxgnO91LF_hDl_Gv_unq777iVpJKCaDCRyz2vRRT3upJJXWAGp_rvuI7HVkbnVW4ZZM.Z9LHQyKSlJpjdNFJrgAVwXrwtwqWXrNRFB5oyJ00uso&dib_tag=se&keywords=toilet%2Brolls%2B3ply&qid=1781348685&sr=8-41&th=1 | F24: 17.72 | H24: =IF(F24="","",IF(G24="",F24,G24)) -> 17.72 | I24: Standalone order | J24: 0 | K24: 0 | L24: =IF(H24="","",IF(I24="Grocery add-on",H24,H24+N(J24)+N(K24))) -> 17.72 | M24: 45 | N24: 160 | O24: =IF(OR(M24="",N24=""),"",M24*N24) -> 7200 | P24: 3 | S24: =IF(OR(Q24="",R24=""),"",Q24*R24/1000000) | T24: =IF(OR(O24="",S24=""),"",O24*S24) | U24: =IFERROR(L24/M24,"") -> 0.39377778 | V24: =IFERROR(L24/O24*100,"") -> 0.24611111 | W24: =IFERROR(L24/T24,"") | X24: 4.5 | Y24: 583 | Z24: Yes | AA24: Yes | AB24: Direct | AC24: =IF(A24="","",IF(AND(H24<>"",M24<>"",N24<>"",P24=3,Z24="Yes",AA24="Yes"),"High",IF(AND(H24<>"",M24<>"",N24<>""),"Medium","Low"))) -> High | AD24: =IF(AND(P24>=3,Z24="Yes",AA24="Yes",O24<>"",L24<>""),"Include","Exclude") -> Include | AE24: =IF(A24="","",IF(OR(ListingsTable[[#This Row],[rating]]="",ListingsTable[[#This Row],[review_count]]=""),1.03,IF(ListingsTable[[#This Row],[review_count]]<10,1,IF(ListingsTable[[#This Row],[rating]]>=4.5,0.95,IF(ListingsTable[[#This Row],[rating]]>=4,1,IF(ListingsTable[[#This Row],[rating]]<3.8,1.05,1)))))) -> 0.95 | AF24: =IF(AD24="Include",V24*AE24,"") -> 0.23380556 | AG24: =IF(AF24="","",COUNTIFS($AF$2:$AF$76,"<"&AF24,$AD$2:$AD$76,"Include")+COUNTIFS($AF$2:AF24,AF24,$AD$2:AD24,"Include")) -> 23
A25: 46188 | B25: Amazon | C25: Elegance Feather Soft Toilet Roll | D25: Elegance | E25: https://www.amazon.co.uk/Elegance-Feather-Soft-Toilet-Roll/dp/B09HN3DPM7/ref=sr_1_53?dib=eyJ2IjoiMSJ9.nXBnNjeF16M4nsl9eEL0oGARWN62HpptKIf3Evt45TLYLzWAe2Ia4SBaEoQE3m0ZCSEC3ZAdclnGN3VZVjEDsLN7olk95VSUBkM_oaV0VVY.ZA0NA1gOjeR1KMpxlTrecq1BHx250pbYygGh43JvK88&dib_tag=se&keywords=toilet+rolls+3ply&qid=1781348762&xpid=FjHbdT4PCS1_n | F25: 18.96 | H25: =IF(F25="","",IF(G25="",F25,G25)) -> 18.96 | I25: Standalone order | J25: 0 | K25: 0 | L25: =IF(H25="","",IF(I25="Grocery add-on",H25,H25+N(J25)+N(K25))) -> 18.96 | M25: 54 | N25: 150 | O25: =IF(OR(M25="",N25=""),"",M25*N25) -> 8100 | P25: 3 | S25: =IF(OR(Q25="",R25=""),"",Q25*R25/1000000) | T25: =IF(OR(O25="",S25=""),"",O25*S25) | U25: =IFERROR(L25/M25,"") -> 0.35111111 | V25: =IFERROR(L25/O25*100,"") -> 0.23407407 | W25: =IFERROR(L25/T25,"") | X25: 4.3 | Y25: 1690 | Z25: Yes | AA25: Yes | AB25: Direct | AC25: =IF(A25="","",IF(AND(H25<>"",M25<>"",N25<>"",P25=3,Z25="Yes",AA25="Yes"),"High",IF(AND(H25<>"",M25<>"",N25<>""),"Medium","Low"))) -> High | AD25: =IF(AND(P25>=3,Z25="Yes",AA25="Yes",O25<>"",L25<>""),"Include","Exclude") -> Include | AE25: =IF(A25="","",IF(OR(ListingsTable[[#This Row],[rating]]="",ListingsTable[[#This Row],[review_count]]=""),1.03,IF(ListingsTable[[#This Row],[review_count]]<10,1,IF(ListingsTable[[#This Row],[rating]]>=4.5,0.95,IF(ListingsTable[[#This Row],[rating]]>=4,1,IF(ListingsTable[[#This Row],[rating]]<3.8,1.05,1)))))) -> 1 | AF25: =IF(AD25="Include",V25*AE25,"") -> 0.23407407 | AG25: =IF(AF25="","",COUNTIFS($AF$2:$AF$76,"<"&AF25,$AD$2:$AD$76,"Include")+COUNTIFS($AF$2:AF25,AF25,$AD$2:AD25,"Include")) -> 24
A26: 46184 | B26: Amazon | C26: Velvet Classic Quilted Toilet Tissue | D26: Velvet Classic | E26: https://www.amazon.co.uk/Triple-Velvet-Jumbo-Roll-Pack/dp/B08HLGKP9J/ref=sr_1_6?crid=39Z2ZQYPKD56F&dib=eyJ2IjoiMSJ9.0VrQIYFNkddqjafxnBR4YUpARflxws9qv4GIdcGxlnf1O_12yUDai8SSTxUcgTqQfxxmeegDVzJczEpvCzyDs3Y-PnXzjiGrq46f6qn2KJ0_-8V4aaeXnv0STZK7LKw-olD0Qabt8KXEX2ZFciLnZauSAAfich8Njuv1TzYPG6vpde9sZUAvJiOmcQ3ZhotVJu8dXY8jEYsC5ozBSAKrT5RPPaiKVdv1dnDpC_MyMg_9M1a4xOcR77elQGiZh3F-OePqaMju4FowviGGVVF1RSF0nRsf-u6DdNZR6qSSS20.cfxODHL7nFlggd63AaJRjANbaVdgKaPBOM57-4dX7bM&dib_tag=se&keywords=3%2Bply%2Btoilet%2Brolls&qid=1781196830&rdc=1&sprefix=3%2Bply%2B%2Caps%2C231&sr=8-6&th=1 | F26: 8.5 | H26: =IF(F26="","",IF(G26="",F26,G26)) -> 8.5 | I26: Standalone order | J26: 0 | K26: 0 | L26: =IF(H26="","",IF(I26="Grocery add-on",H26,H26+N(J26)+N(K26))) -> 8.5 | M26: 24 | N26: 150 | O26: =IF(OR(M26="",N26=""),"",M26*N26) -> 3600 | P26: 3 | S26: =IF(OR(Q26="",R26=""),"",Q26*R26/1000000) | T26: =IF(OR(O26="",S26=""),"",O26*S26) | U26: =IFERROR(L26/M26,"") -> 0.35416667 | V26: =IFERROR(L26/O26*100,"") -> 0.23611111 | W26: =IFERROR(L26/T26,"") | X26: 4.3 | Y26: 22761 | Z26: Yes | AA26: Yes | AB26: Direct | AC26: =IF(A26="","",IF(AND(H26<>"",M26<>"",N26<>"",P26=3,Z26="Yes",AA26="Yes"),"High",IF(AND(H26<>"",M26<>"",N26<>""),"Medium","Low"))) -> High | AD26: =IF(AND(P26>=3,Z26="Yes",AA26="Yes",O26<>"",L26<>""),"Include","Exclude") -> Include | AE26: =IF(A26="","",IF(OR(ListingsTable[[#This Row],[rating]]="",ListingsTable[[#This Row],[review_count]]=""),1.03,IF(ListingsTable[[#This Row],[review_count]]<10,1,IF(ListingsTable[[#This Row],[rating]]>=4.5,0.95,IF(ListingsTable[[#This Row],[rating]]>=4,1,IF(ListingsTable[[#This Row],[rating]]<3.8,1.05,1)))))) -> 1 | AF26: =IF(AD26="Include",V26*AE26,"") -> 0.23611111 | AG26: =IF(AF26="","",COUNTIFS($AF$2:$AF$76,"<"&AF26,$AD$2:$AD$76,"Include")+COUNTIFS($AF$2:AF26,AF26,$AD$2:AD26,"Include")) -> 25
A27: 46188 | B27: Amazon | C27: by Amazon Mega Toilet Roll | D27: Amazon | E27: http://amazon.co.uk/Amazon-Toilet-Rolls-Coconut-Sheets/dp/B0DSX5ZGSW/ref=sr_1_31?dib=eyJ2IjoiMSJ9.0VrQIYFNkddqjafxnBR4YTeWgT5cLGR5Y8SPipAYeZS7pFul15p3BNZPd_roKbmNl9KhjGGNEDuDFHWeP6gZK3n554gP9GbeOL7U6C9yEYVshr-m1kTidS7YVXLWWw8AaLPFGJWLKYZq4oftUEF_sYbAfbLrgnQChJRXcNYBXpD8kBom22EdiTv9sy8TAzYdXzr7vaec0trGkYXh8cxLh-UrEUvkYocXltZ4T1_IDxgnO91LF_hDl_Gv_unq777iVpJKCaDCRyz2vRRT3upJJXWAGp_rvuI7HVkbnVW4ZZM.Z9LHQyKSlJpjdNFJrgAVwXrwtwqWXrNRFB5oyJ00uso&dib_tag=se&keywords=toilet%2Brolls%2B3ply&qid=1781348685&rdc=1&sr=8-31&th=1 | F27: 4.69 | H27: =IF(F27="","",IF(G27="",F27,G27)) -> 4.69 | I27: Standalone order | J27: 0 | K27: 0 | L27: =IF(H27="","",IF(I27="Grocery add-on",H27,H27+N(J27)+N(K27))) -> 4.69 | M27: 6 | N27: 330 | O27: =IF(OR(M27="",N27=""),"",M27*N27) -> 1980 | P27: 3 | S27: =IF(OR(Q27="",R27=""),"",Q27*R27/1000000) | T27: =IF(OR(O27="",S27=""),"",O27*S27) | U27: =IFERROR(L27/M27,"") -> 0.78166667 | V27: =IFERROR(L27/O27*100,"") -> 0.23686869 | W27: =IFERROR(L27/T27,"") | X27: 4.4 | Y27: 241 | Z27: Yes | AA27: Yes | AB27: Direct | AC27: =IF(A27="","",IF(AND(H27<>"",M27<>"",N27<>"",P27=3,Z27="Yes",AA27="Yes"),"High",IF(AND(H27<>"",M27<>"",N27<>""),"Medium","Low"))) -> High | AD27: =IF(AND(P27>=3,Z27="Yes",AA27="Yes",O27<>"",L27<>""),"Include","Exclude") -> Include | AE27: =IF(A27="","",IF(OR(ListingsTable[[#This Row],[rating]]="",ListingsTable[[#This Row],[review_count]]=""),1.03,IF(ListingsTable[[#This Row],[review_count]]<10,1,IF(ListingsTable[[#This Row],[rating]]>=4.5,0.95,IF(ListingsTable[[#This Row],[rating]]>=4,1,IF(ListingsTable[[#This Row],[rating]]<3.8,1.05,1)))))) -> 1 | AF27: =IF(AD27="Include",V27*AE27,"") -> 0.23686869 | AG27: =IF(AF27="","",COUNTIFS($AF$2:$AF$76,"<"&AF27,$AD$2:$AD$76,"Include")+COUNTIFS($AF$2:AF27,AF27,$AD$2:AD27,"Include")) -> 26
A28: 46184 | B28: Amazon | C28: by Amazon Super Soft Toilet Tissue | D28: Amazon | E28: https://www.amazon.co.uk/Presto-Quilted-Toilet-Tissues-Pattern/dp/B08KHBYPJB/ref=sr_1_1_ffob_sspa?crid=39Z2ZQYPKD56F&dib=eyJ2IjoiMSJ9.0VrQIYFNkddqjafxnBR4YUpARflxws9qv4GIdcGxlnf1O_12yUDai8SSTxUcgTqQfxxmeegDVzJczEpvCzyDs3Y-PnXzjiGrq46f6qn2KJ0_-8V4aaeXnv0STZK7LKw-olD0Qabt8KXEX2ZFciLnZauSAAfich8Njuv1TzYPG6vpde9sZUAvJiOmcQ3ZhotVJu8dXY8jEYsC5ozBSAKrT5RPPaiKVdv1dnDpC_MyMg_9M1a4xOcR77elQGiZh3F-OePqaMju4FowviGGVVF1RSF0nRsf-u6DdNZR6qSSS20.cfxODHL7nFlggd63AaJRjANbaVdgKaPBOM57-4dX7bM&dib_tag=se&keywords=3%2Bply%2Btoilet%2Brolls&qid=1781196830&rdc=1&sprefix=3%2Bply%2B%2Caps%2C231&sr=8-1-spons&aref=nsaAruaOjI&sp_csd=d2lkZ2V0TmFtZT1zcF9hdGY&th=1 | F28: 4.5 | H28: =IF(F28="","",IF(G28="",F28,G28)) -> 4.5 | I28: Standalone order | J28: 0 | K28: 0 | L28: =IF(H28="","",IF(I28="Grocery add-on",H28,H28+N(J28)+N(K28))) -> 4.5 | M28: 9 | N28: 200 | O28: =IF(OR(M28="",N28=""),"",M28*N28) -> 1800 | P28: 3 | S28: =IF(OR(Q28="",R28=""),"",Q28*R28/1000000) | T28: =IF(OR(O28="",S28=""),"",O28*S28) | U28: =IFERROR(L28/M28,"") -> 0.5 | V28: =IFERROR(L28/O28*100,"") -> 0.25 | W28: =IFERROR(L28/T28,"") | X28: 4.5 | Y28: 9606 | Z28: Yes | AA28: Yes | AB28: Direct | AC28: =IF(A28="","",IF(AND(H28<>"",M28<>"",N28<>"",P28=3,Z28="Yes",AA28="Yes"),"High",IF(AND(H28<>"",M28<>"",N28<>""),"Medium","Low"))) -> High | AD28: =IF(AND(P28>=3,Z28="Yes",AA28="Yes",O28<>"",L28<>""),"Include","Exclude") -> Include | AE28: =IF(A28="","",IF(OR(ListingsTable[[#This Row],[rating]]="",ListingsTable[[#This Row],[review_count]]=""),1.03,IF(ListingsTable[[#This Row],[review_count]]<10,1,IF(ListingsTable[[#This Row],[rating]]>=4.5,0.95,IF(ListingsTable[[#This Row],[rating]]>=4,1,IF(ListingsTable[[#This Row],[rating]]<3.8,1.05,1)))))) -> 0.95 | AF28: =IF(AD28="Include",V28*AE28,"") -> 0.2375 | AG28: =IF(AF28="","",COUNTIFS($AF$2:$AF$76,"<"&AF28,$AD$2:$AD$76,"Include")+COUNTIFS($AF$2:AF28,AF28,$AD$2:AD28,"Include")) -> 27
A29: 46188 | B29: Amazon | C29: Bumboo Essentials Toilet Roll 48 Pack | D29: Bumboo | E29: https://www.amazon.co.uk/Bumboo-Wrapped-Plastic-Free-Eco-Friendly-Biodegradable/dp/B0CVQVHBH6/ref=sr_1_113?dib=eyJ2IjoiMSJ9.0aKA_PMLIKi2qGTchC6dPM5zhv8QsLw5eUUuDlCSE_fciUTE0oVddZ7NNloM0K-kT9TfCodEDyPi97i00T3eKQDFnA5_sVmcnAjpT7sw9YeRI-stOQCHUaKr9uHkw8uLqJaQbjwE3RYh-mL_1dAvjGWh3f9KlQ0Tf_-utSX-4MrlcYA5jXUL5eeX2WJNsr6V00EpqfrEXfjbhCqqZfmmG3pFt9JnDVJmN3he0e56IBi-Ou8B8eM1tIoPirzfizNAfJbmX96Q6ofLwnboOt2irCSCGUCqO7ZPjjqn83S6mnY.w6hjR7-hjluwhACGaPledFpWgPZmiomJwu0HguJEeWc&dib_tag=se&keywords=toilet+rolls+3ply&qid=1781537902&xpid=FjHbdT4PCS1_n | F29: 34.99 | H29: =IF(F29="","",IF(G29="",F29,G29)) -> 34.99 | I29: Standalone order | J29: 0 | K29: 0 | L29: =IF(H29="","",IF(I29="Grocery add-on",H29,H29+N(J29)+N(K29))) -> 34.99 | M29: 48 | N29: 300 | O29: =IF(OR(M29="",N29=""),"",M29*N29) -> 14400 | P29: 3 | S29: =IF(OR(Q29="",R29=""),"",Q29*R29/1000000) | T29: =IF(OR(O29="",S29=""),"",O29*S29) | U29: =IFERROR(L29/M29,"") -> 0.72895833 | V29: =IFERROR(L29/O29*100,"") -> 0.24298611 | W29: =IFERROR(L29/T29,"") | X29: 4.4 | Y29: 109 | Z29: Yes | AA29: Yes | AB29: Direct | AC29: =IF(A29="","",IF(AND(H29<>"",M29<>"",N29<>"",P29=3,Z29="Yes",AA29="Yes"),"High",IF(AND(H29<>"",M29<>"",N29<>""),"Medium","Low"))) -> High | AD29: =IF(AND(P29>=3,Z29="Yes",AA29="Yes",O29<>"",L29<>""),"Include","Exclude") -> Include | AE29: =IF(A29="","",IF(OR(ListingsTable[[#This Row],[rating]]="",ListingsTable[[#This Row],[review_count]]=""),1.03,IF(ListingsTable[[#This Row],[review_count]]<10,1,IF(ListingsTable[[#This Row],[rating]]>=4.5,0.95,IF(ListingsTable[[#This Row],[rating]]>=4,1,IF(ListingsTable[[#This Row],[rating]]<3.8,1.05,1)))))) -> 1 | AF29: =IF(AD29="Include",V29*AE29,"") -> 0.24298611 | AG29: =IF(AF29="","",COUNTIFS($AF$2:$AF$76,"<"&AF29,$AD$2:$AD$76,"Include")+COUNTIFS($AF$2:AF29,AF29,$AD$2:AD29,"Include")) -> 28
A30: 46185 | B30: Ocado | C30: Velvet Classic Quilted Toilet Rolls | D30: Velvet Classic | E30: https://www.ocado.com/products/velvet-classic-quilted-toilet-rolls/520831011?srsltid=AfmBOorZoSGu1fwrE36YBEOmI0VNS-qP6Tj_4hmBriJ8VPmDqeIfXAER | F30: 8.5 | H30: =IF(F30="","",IF(G30="",F30,G30)) -> 8.5 | I30: Standalone order | J30: 0 | K30: 0 | L30: =IF(H30="","",IF(I30="Grocery add-on",H30,H30+N(J30)+N(K30))) -> 8.5 | M30: 24 | N30: 150 | O30: =IF(OR(M30="",N30=""),"",M30*N30) -> 3600 | P30: 3 | S30: =IF(OR(Q30="",R30=""),"",Q30*R30/1000000) | T30: =IF(OR(O30="",S30=""),"",O30*S30) | U30: =IFERROR(L30/M30,"") -> 0.35416667 | V30: =IFERROR(L30/O30*100,"") -> 0.23611111 | W30: =IFERROR(L30/T30,"") | Z30: Yes | AA30: Yes | AB30: Direct | AC30: =IF(A30="","",IF(AND(H30<>"",M30<>"",N30<>"",P30=3,Z30="Yes",AA30="Yes"),"High",IF(AND(H30<>"",M30<>"",N30<>""),"Medium","Low"))) -> High | AD30: =IF(AND(P30>=3,Z30="Yes",AA30="Yes",O30<>"",L30<>""),"Include","Exclude") -> Include | AE30: =IF(A30="","",IF(OR(ListingsTable[[#This Row],[rating]]="",ListingsTable[[#This Row],[review_count]]=""),1.03,IF(ListingsTable[[#This Row],[review_count]]<10,1,IF(ListingsTable[[#This Row],[rating]]>=4.5,0.95,IF(ListingsTable[[#This Row],[rating]]>=4,1,IF(ListingsTable[[#This Row],[rating]]<3.8,1.05,1)))))) -> 1.03 | AF30: =IF(AD30="Include",V30*AE30,"") -> 0.24319444 | AG30: =IF(AF30="","",COUNTIFS($AF$2:$AF$76,"<"&AF30,$AD$2:$AD$76,"Include")+COUNTIFS($AF$2:AF30,AF30,$AD$2:AD30,"Include")) -> 29
A31: 46185 | B31: Tesco Marketplace | C31: Splesh Quilted Luna Bloom 3-Ply Luxury Scented Toilet Tissue Paper | D31: Splesh | E31: https://www.tesco.com/shop/en-GB/products/325644633?seller=trn:tesco:seller:uuid:3ca332f5-c2df-406a-af90-1e145d277929&_gl=1*1pg7u36*_up*MQ..*_ga*Njg3NDQwODQyLjE3ODEzMDY1OTI.*_ga_H653QXESTP*czE3ODEzMDY1ODkkbzEkZzAkdDE3ODEzMDY1OTEkajU4JGwwJGg2MzYzNjI3Mjg.*_ga_33B19D36CY*czE3ODEzMDY1OTEkbzEkZzEkdDE3ODEzMDY2MTYkajM1JGwwJGgxNTA2NjcyMjk0 | F31: 25.69 | H31: =IF(F31="","",IF(G31="",F31,G31)) -> 25.69 | I31: Standalone order | J31: 0 | K31: 0 | L31: =IF(H31="","",IF(I31="Grocery add-on",H31,H31+N(J31)+N(K31))) -> 25.69 | M31: 72 | N31: 150 | O31: =IF(OR(M31="",N31=""),"",M31*N31) -> 10800 | P31: 3 | S31: =IF(OR(Q31="",R31=""),"",Q31*R31/1000000) | T31: =IF(OR(O31="",S31=""),"",O31*S31) | U31: =IFERROR(L31/M31,"") -> 0.35680556 | V31: =IFERROR(L31/O31*100,"") -> 0.23787037 | W31: =IFERROR(L31/T31,"") | Z31: Yes | AA31: Yes | AB31: Direct | AC31: =IF(A31="","",IF(AND(H31<>"",M31<>"",N31<>"",P31=3,Z31="Yes",AA31="Yes"),"High",IF(AND(H31<>"",M31<>"",N31<>""),"Medium","Low"))) -> High | AD31: =IF(AND(P31>=3,Z31="Yes",AA31="Yes",O31<>"",L31<>""),"Include","Exclude") -> Include | AE31: =IF(A31="","",IF(OR(ListingsTable[[#This Row],[rating]]="",ListingsTable[[#This Row],[review_count]]=""),1.03,IF(ListingsTable[[#This Row],[review_count]]<10,1,IF(ListingsTable[[#This Row],[rating]]>=4.5,0.95,IF(ListingsTable[[#This Row],[rating]]>=4,1,IF(ListingsTable[[#This Row],[rating]]<3.8,1.05,1)))))) -> 1.03 | AF31: =IF(AD31="Include",V31*AE31,"") -> 0.24500648 | AG31: =IF(AF31="","",COUNTIFS($AF$2:$AF$76,"<"&AF31,$AD$2:$AD$76,"Include")+COUNTIFS($AF$2:AF31,AF31,$AD$2:AD31,"Include")) -> 30
A32: 46185 | B32: Costco | C32: Kirkland Signature Triple Satin 3-Ply Toilet Tissue | D32: Kirkland | E32: https://www.costco.co.uk/Business-Office-Supplies/Cleaning-Care/Paper-Products-Tissues-Wipes/Kirkland-Signature-Triple-Satin-3-Ply-Toilet-Tissue-40-Rolls/p/1128517?srsltid=AfmBOoqmYlXRPLWT0RYbbH9VTMf5uvK_Cg43AuXnsoffz-WebjWHKLNg | F32: 22.99 | H32: =IF(F32="","",IF(G32="",F32,G32)) -> 22.99 | I32: Standalone order | J32: 0 | K32: 0 | L32: =IF(H32="","",IF(I32="Grocery add-on",H32,H32+N(J32)+N(K32))) -> 22.99 | M32: 40 | N32: 240 | O32: =IF(OR(M32="",N32=""),"",M32*N32) -> 9600 | P32: 3 | Q32: 108 | R32: 124 | S32: =IF(OR(Q32="",R32=""),"",Q32*R32/1000000) -> 0.013392 | T32: =IF(OR(O32="",S32=""),"",O32*S32) -> 128.5632 | U32: =IFERROR(L32/M32,"") -> 0.57475 | V32: =IFERROR(L32/O32*100,"") -> 0.23947917 | W32: =IFERROR(L32/T32,"") -> 0.17882256 | Z32: Yes | AA32: Yes | AB32: Direct | AC32: =IF(A32="","",IF(AND(H32<>"",M32<>"",N32<>"",P32=3,Z32="Yes",AA32="Yes"),"High",IF(AND(H32<>"",M32<>"",N32<>""),"Medium","Low"))) -> High | AD32: =IF(AND(P32>=3,Z32="Yes",AA32="Yes",O32<>"",L32<>""),"Include","Exclude") -> Include | AE32: =IF(A32="","",IF(OR(ListingsTable[[#This Row],[rating]]="",ListingsTable[[#This Row],[review_count]]=""),1.03,IF(ListingsTable[[#This Row],[review_count]]<10,1,IF(ListingsTable[[#This Row],[rating]]>=4.5,0.95,IF(ListingsTable[[#This Row],[rating]]>=4,1,IF(ListingsTable[[#This Row],[rating]]<3.8,1.05,1)))))) -> 1.03 | AF32: =IF(AD32="Include",V32*AE32,"") -> 0.24666354 | AG32: =IF(AF32="","",COUNTIFS($AF$2:$AF$76,"<"&AF32,$AD$2:$AD$76,"Include")+COUNTIFS($AF$2:AF32,AF32,$AD$2:AD32,"Include")) -> 31
A33: 46185 | B33: Amazon | C33: Splesh by Cusheen 3-ply Toilet Roll | D33: Splesh | E33: https://www.amazon.co.uk/gp/aw/d/B06WD1FD7Y/?_encoding=UTF8&pd_rd_plhdr=t&aaxitk=101b04a4f3fb704f0d23b387fae62410&hsa_cr_id=0&qid=1781348685&sr=1-1-1ee1b2e4-01d1-4cd0-b737-4c27ebfc8105&aref=frIjszFI2Q&ref_=sbx__sbtcd2_asin_0_img&pf_rd_p=ad0b5640-22e8-4858-8c86-e8809057e952&pf_rd_r=X7B60P4ED0BWN59HGRMK&pd_rd_wg=UGclu&pd_rd_w=GRWHU&content-id=amzn1.sym.ad0b5640-22e8-4858-8c86-e8809057e952%3Aamzn1.sym.ad0b5640-22e8-4858-8c86-e8809057e952&pd_rd_r=f0428668-d3cf-4e15-97ef-cf24bc2f1421&th=1 | F33: 22.99 | H33: =IF(F33="","",IF(G33="",F33,G33)) -> 22.99 | I33: Standalone order | J33: 0 | K33: 0 | L33: =IF(H33="","",IF(I33="Grocery add-on",H33,H33+N(J33)+N(K33))) -> 22.99 | M33: 60 | N33: 150 | O33: =IF(OR(M33="",N33=""),"",M33*N33) -> 9000 | P33: 3 | S33: =IF(OR(Q33="",R33=""),"",Q33*R33/1000000) | T33: =IF(OR(O33="",S33=""),"",O33*S33) | U33: =IFERROR(L33/M33,"") -> 0.38316667 | V33: =IFERROR(L33/O33*100,"") -> 0.25544444 | W33: =IFERROR(L33/T33,"") | X33: 4.4 | Y33: 10165 | Z33: Yes | AA33: Yes | AB33: Direct | AC33: =IF(A33="","",IF(AND(H33<>"",M33<>"",N33<>"",P33=3,Z33="Yes",AA33="Yes"),"High",IF(AND(H33<>"",M33<>"",N33<>""),"Medium","Low"))) -> High | AD33: =IF(AND(P33>=3,Z33="Yes",AA33="Yes",O33<>"",L33<>""),"Include","Exclude") -> Include | AE33: =IF(A33="","",IF(OR(ListingsTable[[#This Row],[rating]]="",ListingsTable[[#This Row],[review_count]]=""),1.03,IF(ListingsTable[[#This Row],[review_count]]<10,1,IF(ListingsTable[[#This Row],[rating]]>=4.5,0.95,IF(ListingsTable[[#This Row],[rating]]>=4,1,IF(ListingsTable[[#This Row],[rating]]<3.8,1.05,1)))))) -> 1 | AF33: =IF(AD33="Include",V33*AE33,"") -> 0.25544444 | AG33: =IF(AF33="","",COUNTIFS($AF$2:$AF$76,"<"&AF33,$AD$2:$AD$76,"Include")+COUNTIFS($AF$2:AF33,AF33,$AD$2:AD33,"Include")) -> 32
A34: 46185 | B34: Tesco | C34: Tesco Luxury Soft Quilted Toilet Tissue | D34: Tesco | E34: https://www.tesco.com/shop/en-GB/products/312092758?_gl=1*1rvhuv7*_up*MQ..*_ga*Njg3NDQwODQyLjE3ODEzMDY1OTI.*_ga_H653QXESTP*czE3ODEzMDY1ODkkbzEkZzAkdDE3ODEzMDY1OTEkajU4JGwwJGg2MzYzNjI3Mjg.*_ga_33B19D36CY*czE3ODEzMDY1OTEkbzEkZzEkdDE3ODEzMDY3MzckajUyJGwwJGgxNTA2NjcyMjk0 | F34: 3.75 | H34: =IF(F34="","",IF(G34="",F34,G34)) -> 3.75 | I34: Standalone order | J34: 0 | K34: 0 | L34: =IF(H34="","",IF(I34="Grocery add-on",H34,H34+N(J34)+N(K34))) -> 3.75 | M34: 6 | N34: 240 | O34: =IF(OR(M34="",N34=""),"",M34*N34) -> 1440 | P34: 3 | S34: =IF(OR(Q34="",R34=""),"",Q34*R34/1000000) | T34: =IF(OR(O34="",S34=""),"",O34*S34) | U34: =IFERROR(L34/M34,"") -> 0.625 | V34: =IFERROR(L34/O34*100,"") -> 0.26041667 | W34: =IFERROR(L34/T34,"") | X34: 3.9 | Y34: 259 | Z34: Yes | AA34: Yes | AB34: Direct | AC34: =IF(A34="","",IF(AND(H34<>"",M34<>"",N34<>"",P34=3,Z34="Yes",AA34="Yes"),"High",IF(AND(H34<>"",M34<>"",N34<>""),"Medium","Low"))) -> High | AD34: =IF(AND(P34>=3,Z34="Yes",AA34="Yes",O34<>"",L34<>""),"Include","Exclude") -> Include | AE34: =IF(A34="","",IF(OR(ListingsTable[[#This Row],[rating]]="",ListingsTable[[#This Row],[review_count]]=""),1.03,IF(ListingsTable[[#This Row],[review_count]]<10,1,IF(ListingsTable[[#This Row],[rating]]>=4.5,0.95,IF(ListingsTable[[#This Row],[rating]]>=4,1,IF(ListingsTable[[#This Row],[rating]]<3.8,1.05,1)))))) -> 1 | AF34: =IF(AD34="Include",V34*AE34,"") -> 0.26041667 | AG34: =IF(AF34="","",COUNTIFS($AF$2:$AF$76,"<"&AF34,$AD$2:$AD$76,"Include")+COUNTIFS($AF$2:AF34,AF34,$AD$2:AD34,"Include")) -> 33
A35: 46188 | B35: Amazon | C35: careBee Bamboo Toilet Rolls | D35: careBee | E35: https://www.amazon.co.uk/dp/B0H1M8DVH7/ref=sspa_dk_detail_3?pd_rd_i=B0H1M8DVH7&pd_rd_w=lnCKy&content-id=amzn1.sym.26d398c2-a8df-41ee-9d9d-c3349e39be31&pf_rd_p=26d398c2-a8df-41ee-9d9d-c3349e39be31&pf_rd_r=GTC9WXNA42F1ES3YNCX0&pd_rd_wg=RNjXf&pd_rd_r=6aadc25d-ada7-4c6f-86f8-b0cf7d521915&aref=Ib9fwHGvQr&sp_csd=d2lkZ2V0TmFtZT1zcF9kZXRhaWxfdGhlbWF0aWM&th=1 | F35: 9.99 | H35: =IF(F35="","",IF(G35="",F35,G35)) -> 9.99 | I35: Standalone order | J35: 0 | K35: 0 | L35: =IF(H35="","",IF(I35="Grocery add-on",H35,H35+N(J35)+N(K35))) -> 9.99 | M35: 18 | N35: 200 | O35: =IF(OR(M35="",N35=""),"",M35*N35) -> 3600 | P35: 3 | S35: =IF(OR(Q35="",R35=""),"",Q35*R35/1000000) | T35: =IF(OR(O35="",S35=""),"",O35*S35) | U35: =IFERROR(L35/M35,"") -> 0.555 | V35: =IFERROR(L35/O35*100,"") -> 0.2775 | W35: =IFERROR(L35/T35,"") | X35: 4.6 | Y35: 20 | Z35: Yes | AA35: Yes | AB35: Direct | AC35: =IF(A35="","",IF(AND(H35<>"",M35<>"",N35<>"",P35=3,Z35="Yes",AA35="Yes"),"High",IF(AND(H35<>"",M35<>"",N35<>""),"Medium","Low"))) -> High | AD35: =IF(AND(P35>=3,Z35="Yes",AA35="Yes",O35<>"",L35<>""),"Include","Exclude") -> Include | AE35: =IF(A35="","",IF(OR(ListingsTable[[#This Row],[rating]]="",ListingsTable[[#This Row],[review_count]]=""),1.03,IF(ListingsTable[[#This Row],[review_count]]<10,1,IF(ListingsTable[[#This Row],[rating]]>=4.5,0.95,IF(ListingsTable[[#This Row],[rating]]>=4,1,IF(ListingsTable[[#This Row],[rating]]<3.8,1.05,1)))))) -> 0.95 | AF35: =IF(AD35="Include",V35*AE35,"") -> 0.263625 | AG35: =IF(AF35="","",COUNTIFS($AF$2:$AF$76,"<"&AF35,$AD$2:$AD$76,"Include")+COUNTIFS($AF$2:AF35,AF35,$AD$2:AD35,"Include")) -> 34
A36: 46185 | B36: Ocado | C36: Ocado Luxury Quilted Toilet Tissue | D36: Ocado | E36: https://www.ocado.com/products/ocado-luxury-quilted-toilet-tissue/307866011?srsltid=AfmBOop1BrCzk_THczs3V1DdVV0DjzxzhU_nl26rkzPZ0MY3_pV-L8FF | F36: 9.6 | H36: 3.75 | I36: Standalone order | J36: 0 | K36: 0 | L36: =IF(H36="","",IF(I36="Grocery add-on",H36,H36+N(J36)+N(K36))) -> 3.75 | M36: 9 | N36: 160 | O36: =IF(OR(M36="",N36=""),"",M36*N36) -> 1440 | P36: 3 | S36: =IF(OR(Q36="",R36=""),"",Q36*R36/1000000) | T36: =IF(OR(O36="",S36=""),"",O36*S36) | U36: =IFERROR(L36/M36,"") -> 0.41666667 | V36: =IFERROR(L36/O36*100,"") -> 0.26041667 | W36: =IFERROR(L36/T36,"") | Z36: Yes | AA36: Yes | AB36: Direct | AC36: =IF(A36="","",IF(AND(H36<>"",M36<>"",N36<>"",P36=3,Z36="Yes",AA36="Yes"),"High",IF(AND(H36<>"",M36<>"",N36<>""),"Medium","Low"))) -> High | AD36: =IF(AND(P36>=3,Z36="Yes",AA36="Yes",O36<>"",L36<>""),"Include","Exclude") -> Include | AE36: =IF(A36="","",IF(OR(ListingsTable[[#This Row],[rating]]="",ListingsTable[[#This Row],[review_count]]=""),1.03,IF(ListingsTable[[#This Row],[review_count]]<10,1,IF(ListingsTable[[#This Row],[rating]]>=4.5,0.95,IF(ListingsTable[[#This Row],[rating]]>=4,1,IF(ListingsTable[[#This Row],[rating]]<3.8,1.05,1)))))) -> 1.03 | AF36: =IF(AD36="Include",V36*AE36,"") -> 0.26822917 | AG36: =IF(AF36="","",COUNTIFS($AF$2:$AF$76,"<"&AF36,$AD$2:$AD$76,"Include")+COUNTIFS($AF$2:AF36,AF36,$AD$2:AD36,"Include")) -> 35
A37: 46184 | B37: Amazon | C37: Who Gives A Crap Recycled Toilet Roll | D37: Who Gives A Crap | E37: https://www.amazon.co.uk/Who-Gives-Crap-Eco-Friendly-Recycled/dp/B07MB5ZZ2Q/ref=sr_1_13_sspa?crid=39Z2ZQYPKD56F&dib=eyJ2IjoiMSJ9.0VrQIYFNkddqjafxnBR4YUpARflxws9qv4GIdcGxlnf1O_12yUDai8SSTxUcgTqQfxxmeegDVzJczEpvCzyDs3Y-PnXzjiGrq46f6qn2KJ0_-8V4aaeXnv0STZK7LKw-olD0Qabt8KXEX2ZFciLnZauSAAfich8Njuv1TzYPG6vpde9sZUAvJiOmcQ3ZhotVJu8dXY8jEYsC5ozBSAKrT5RPPaiKVdv1dnDpC_MyMg_9M1a4xOcR77elQGiZh3F-OePqaMju4FowviGGVVF1RSF0nRsf-u6DdNZR6qSSS20.cfxODHL7nFlggd63AaJRjANbaVdgKaPBOM57-4dX7bM&dib_tag=se&keywords=3%2Bply%2Btoilet%2Brolls&qid=1781196830&sprefix=3%2Bply%2B%2Caps%2C231&sr=8-13-spons&aref=AdkHXAfhK9&sp_csd=d2lkZ2V0TmFtZT1zcF9tdGY&th=1 | F37: 51.99 | H37: =IF(F37="","",IF(G37="",F37,G37)) -> 51.99 | I37: Standalone order | J37: 0 | K37: 0 | L37: =IF(H37="","",IF(I37="Grocery add-on",H37,H37+N(J37)+N(K37))) -> 51.99 | M37: 48 | N37: 400 | O37: =IF(OR(M37="",N37=""),"",M37*N37) -> 19200 | P37: 3 | Q37: 100 | R37: 100 | S37: =IF(OR(Q37="",R37=""),"",Q37*R37/1000000) -> 0.01 | T37: =IF(OR(O37="",S37=""),"",O37*S37) -> 192 | U37: =IFERROR(L37/M37,"") -> 1.083125 | V37: =IFERROR(L37/O37*100,"") -> 0.27078125 | W37: =IFERROR(L37/T37,"") -> 0.27078125 | X37: 4.3 | Y37: 2194 | Z37: Yes | AA37: Yes | AB37: Direct | AC37: =IF(A37="","",IF(AND(H37<>"",M37<>"",N37<>"",P37=3,Z37="Yes",AA37="Yes"),"High",IF(AND(H37<>"",M37<>"",N37<>""),"Medium","Low"))) -> High | AD37: =IF(AND(P37>=3,Z37="Yes",AA37="Yes",O37<>"",L37<>""),"Include","Exclude") -> Include | AE37: =IF(A37="","",IF(OR(ListingsTable[[#This Row],[rating]]="",ListingsTable[[#This Row],[review_count]]=""),1.03,IF(ListingsTable[[#This Row],[review_count]]<10,1,IF(ListingsTable[[#This Row],[rating]]>=4.5,0.95,IF(ListingsTable[[#This Row],[rating]]>=4,1,IF(ListingsTable[[#This Row],[rating]]<3.8,1.05,1)))))) -> 1 | AF37: =IF(AD37="Include",V37*AE37,"") -> 0.27078125 | AG37: =IF(AF37="","",COUNTIFS($AF$2:$AF$76,"<"&AF37,$AD$2:$AD$76,"Include")+COUNTIFS($AF$2:AF37,AF37,$AD$2:AD37,"Include")) -> 36
A38: 46185 | B38: Costco | C38: Cushelle Quilted 3-Ply Longer Rolls Toilet Tissue | D38: Cushelle | E38: https://www.costco.co.uk/Business-Office-Supplies/Cleaning-Care/Paper-Products-Tissues-Wipes/Cushelle-Quilted-3-Ply-Longer-Rolls-Toilet-Tissue-4-x-8-Pack-236-Sheets/p/477796 | F38: 19.89 | H38: =IF(F38="","",IF(G38="",F38,G38)) -> 19.89 | I38: Standalone order | J38: 0 | K38: 0 | L38: =IF(H38="","",IF(I38="Grocery add-on",H38,H38+N(J38)+N(K38))) -> 19.89 | M38: 32 | N38: 236 | O38: =IF(OR(M38="",N38=""),"",M38*N38) -> 7552 | P38: 3 | Q38: 104 | R38: 118 | S38: =IF(OR(Q38="",R38=""),"",Q38*R38/1000000) -> 0.012272 | T38: =IF(OR(O38="",S38=""),"",O38*S38) -> 92.678144 | U38: =IFERROR(L38/M38,"") -> 0.6215625 | V38: =IFERROR(L38/O38*100,"") -> 0.26337394 | W38: =IFERROR(L38/T38,"") -> 0.21461371 | Z38: Yes | AA38: Yes | AB38: Direct | AC38: =IF(A38="","",IF(AND(H38<>"",M38<>"",N38<>"",P38=3,Z38="Yes",AA38="Yes"),"High",IF(AND(H38<>"",M38<>"",N38<>""),"Medium","Low"))) -> High | AD38: =IF(AND(P38>=3,Z38="Yes",AA38="Yes",O38<>"",L38<>""),"Include","Exclude") -> Include | AE38: =IF(A38="","",IF(OR(ListingsTable[[#This Row],[rating]]="",ListingsTable[[#This Row],[review_count]]=""),1.03,IF(ListingsTable[[#This Row],[review_count]]<10,1,IF(ListingsTable[[#This Row],[rating]]>=4.5,0.95,IF(ListingsTable[[#This Row],[rating]]>=4,1,IF(ListingsTable[[#This Row],[rating]]<3.8,1.05,1)))))) -> 1.03 | AF38: =IF(AD38="Include",V38*AE38,"") -> 0.27127516 | AG38: =IF(AF38="","",COUNTIFS($AF$2:$AF$76,"<"&AF38,$AD$2:$AD$76,"Include")+COUNTIFS($AF$2:AF38,AF38,$AD$2:AD38,"Include")) -> 37
A39: 46188 | B39: Amazon | C39: Bumboo Bamboo Toilet Roll | D39: Bumboo | E39: https://www.amazon.co.uk/dp/B09WVYMR24/ref=sspa_dk_detail_1?pd_rd_i=B09WVYMR24&pd_rd_w=lnCKy&content-id=amzn1.sym.26d398c2-a8df-41ee-9d9d-c3349e39be31&pf_rd_p=26d398c2-a8df-41ee-9d9d-c3349e39be31&pf_rd_r=GTC9WXNA42F1ES3YNCX0&pd_rd_wg=RNjXf&pd_rd_r=6aadc25d-ada7-4c6f-86f8-b0cf7d521915&aref=f6hlqn2wtK&sp_csd=d2lkZ2V0TmFtZT1zcF9kZXRhaWxfdGhlbWF0aWM&th=1 | F39: 42 | H39: =IF(F39="","",IF(G39="",F39,G39)) -> 42 | I39: Standalone order | J39: 0 | K39: 0 | L39: =IF(H39="","",IF(I39="Grocery add-on",H39,H39+N(J39)+N(K39))) -> 42 | M39: 48 | N39: 300 | O39: =IF(OR(M39="",N39=""),"",M39*N39) -> 14400 | P39: 3 | S39: =IF(OR(Q39="",R39=""),"",Q39*R39/1000000) | T39: =IF(OR(O39="",S39=""),"",O39*S39) | U39: =IFERROR(L39/M39,"") -> 0.875 | V39: =IFERROR(L39/O39*100,"") -> 0.29166667 | W39: =IFERROR(L39/T39,"") | X39: 4.5 | Y39: 318 | Z39: Yes | AA39: Yes | AB39: Direct | AC39: =IF(A39="","",IF(AND(H39<>"",M39<>"",N39<>"",P39=3,Z39="Yes",AA39="Yes"),"High",IF(AND(H39<>"",M39<>"",N39<>""),"Medium","Low"))) -> High | AD39: =IF(AND(P39>=3,Z39="Yes",AA39="Yes",O39<>"",L39<>""),"Include","Exclude") -> Include | AE39: =IF(A39="","",IF(OR(ListingsTable[[#This Row],[rating]]="",ListingsTable[[#This Row],[review_count]]=""),1.03,IF(ListingsTable[[#This Row],[review_count]]<10,1,IF(ListingsTable[[#This Row],[rating]]>=4.5,0.95,IF(ListingsTable[[#This Row],[rating]]>=4,1,IF(ListingsTable[[#This Row],[rating]]<3.8,1.05,1)))))) -> 0.95 | AF39: =IF(AD39="Include",V39*AE39,"") -> 0.27708333 | AG39: =IF(AF39="","",COUNTIFS($AF$2:$AF$76,"<"&AF39,$AD$2:$AD$76,"Include")+COUNTIFS($AF$2:AF39,AF39,$AD$2:AD39,"Include")) -> 38
A40: 46188 | B40: Amazon | C40: Selpak Professional Toilet Paper | D40: Selpak | E40: https://www.amazon.co.uk/Selpak-Professional-Toilet-Rolls-Bulk/dp/B0C2CFGZNP/ref=sr_1_58_sspa?dib=eyJ2IjoiMSJ9.zLBvAWWN9LXeSGaNKgq_kwu6K1tlIUQdQ3a_4ewJtlE4qQ5y8DlucRLVp_it6y2lT9Uysy5s91Jtpyca3GJsv58AKGjDe5GuyTokuf0pLuT1_rCCxETb1BiZpYsPLtCwLawjed9U8b5A8Pydxb_3mMxg_sDdo6U5pXdELasD7ydsMqXbqDle7JsKTYxfiF0s12xowJD9FwgD3Abj05V9F1FQU1bviCm5doI-7Iu2zPERwvnjX9Ke7E-Mf-2ELd1tbut23mbKYpXSXH0lIOAFQnrwfonOaq4np4WztNOX5T4.wrBMswEacn4pfixDjRlhv2_T6bhTNv02JKGWJOoCHCw&dib_tag=se&keywords=toilet+rolls+3ply&qid=1781348762&xpid=FjHbdT4PCS1_n&aref=EGnNyTzyvH&sp_csd=d2lkZ2V0TmFtZT1zcF9tdGY&psc=1 | F40: 32.4 | H40: =IF(F40="","",IF(G40="",F40,G40)) -> 32.4 | I40: Standalone order | J40: 0 | K40: 0 | L40: =IF(H40="","",IF(I40="Grocery add-on",H40,H40+N(J40)+N(K40))) -> 32.4 | M40: 72 | N40: 150 | O40: =IF(OR(M40="",N40=""),"",M40*N40) -> 10800 | P40: 3 | S40: =IF(OR(Q40="",R40=""),"",Q40*R40/1000000) | T40: =IF(OR(O40="",S40=""),"",O40*S40) | U40: =IFERROR(L40/M40,"") -> 0.45 | V40: =IFERROR(L40/O40*100,"") -> 0.3 | W40: =IFERROR(L40/T40,"") | X40: 4.6 | Y40: 393 | Z40: Yes | AA40: Yes | AB40: Direct | AC40: =IF(A40="","",IF(AND(H40<>"",M40<>"",N40<>"",P40=3,Z40="Yes",AA40="Yes"),"High",IF(AND(H40<>"",M40<>"",N40<>""),"Medium","Low"))) -> High | AD40: =IF(AND(P40>=3,Z40="Yes",AA40="Yes",O40<>"",L40<>""),"Include","Exclude") -> Include | AE40: =IF(A40="","",IF(OR(ListingsTable[[#This Row],[rating]]="",ListingsTable[[#This Row],[review_count]]=""),1.03,IF(ListingsTable[[#This Row],[review_count]]<10,1,IF(ListingsTable[[#This Row],[rating]]>=4.5,0.95,IF(ListingsTable[[#This Row],[rating]]>=4,1,IF(ListingsTable[[#This Row],[rating]]<3.8,1.05,1)))))) -> 0.95 | AF40: =IF(AD40="Include",V40*AE40,"") -> 0.285 | AG40: =IF(AF40="","",COUNTIFS($AF$2:$AF$76,"<"&AF40,$AD$2:$AD$76,"Include")+COUNTIFS($AF$2:AF40,AF40,$AD$2:AD40,"Include")) -> 39
A41: 46184 | B41: Amazon | C41: Regina Soft Bamboo | D41: Regina | E41: https://www.amazon.co.uk/Regina-Soft-Bamboo-Naturally-Certificated/dp/B0C94XHL5D/ref=sr_1_8?crid=39Z2ZQYPKD56F&dib=eyJ2IjoiMSJ9.0VrQIYFNkddqjafxnBR4YUpARflxws9qv4GIdcGxlnf1O_12yUDai8SSTxUcgTqQfxxmeegDVzJczEpvCzyDs3Y-PnXzjiGrq46f6qn2KJ0_-8V4aaeXnv0STZK7LKw-olD0Qabt8KXEX2ZFciLnZauSAAfich8Njuv1TzYPG6vpde9sZUAvJiOmcQ3ZhotVJu8dXY8jEYsC5ozBSAKrT5RPPaiKVdv1dnDpC_MyMg_9M1a4xOcR77elQGiZh3F-OePqaMju4FowviGGVVF1RSF0nRsf-u6DdNZR6qSSS20.cfxODHL7nFlggd63AaJRjANbaVdgKaPBOM57-4dX7bM&dib_tag=se&keywords=3%2Bply%2Btoilet%2Brolls&qid=1781196830&sprefix=3%2Bply%2B%2Caps%2C231&sr=8-8&th=1 | F41: 9.7 | H41: =IF(F41="","",IF(G41="",F41,G41)) -> 9.7 | I41: Standalone order | J41: 0 | K41: 0 | L41: =IF(H41="","",IF(I41="Grocery add-on",H41,H41+N(J41)+N(K41))) -> 9.7 | M41: 20 | N41: 160 | O41: =IF(OR(M41="",N41=""),"",M41*N41) -> 3200 | P41: 3 | S41: =IF(OR(Q41="",R41=""),"",Q41*R41/1000000) | T41: =IF(OR(O41="",S41=""),"",O41*S41) | U41: =IFERROR(L41/M41,"") -> 0.485 | V41: =IFERROR(L41/O41*100,"") -> 0.303125 | W41: =IFERROR(L41/T41,"") | X41: 4.5 | Y41: 1875 | Z41: Yes | AA41: Yes | AB41: Direct | AC41: =IF(A41="","",IF(AND(H41<>"",M41<>"",N41<>"",P41=3,Z41="Yes",AA41="Yes"),"High",IF(AND(H41<>"",M41<>"",N41<>""),"Medium","Low"))) -> High | AD41: =IF(AND(P41>=3,Z41="Yes",AA41="Yes",O41<>"",L41<>""),"Include","Exclude") -> Include | AE41: =IF(A41="","",IF(OR(ListingsTable[[#This Row],[rating]]="",ListingsTable[[#This Row],[review_count]]=""),1.03,IF(ListingsTable[[#This Row],[review_count]]<10,1,IF(ListingsTable[[#This Row],[rating]]>=4.5,0.95,IF(ListingsTable[[#This Row],[rating]]>=4,1,IF(ListingsTable[[#This Row],[rating]]<3.8,1.05,1)))))) -> 0.95 | AF41: =IF(AD41="Include",V41*AE41,"") -> 0.28796875 | AG41: =IF(AF41="","",COUNTIFS($AF$2:$AF$76,"<"&AF41,$AD$2:$AD$76,"Include")+COUNTIFS($AF$2:AF41,AF41,$AD$2:AD41,"Include")) -> 40
A42: 46184 | B42: Amazon | C42: Andrex Ultimate Quilts Toilet Tissue | D42: Andrex | E42: https://www.amazon.co.uk/Andrex-Ultimate-Standard-Technology-Previously/dp/B0D6NNG1FG/ref=sr_1_2_sspa?crid=39Z2ZQYPKD56F&dib=eyJ2IjoiMSJ9.0VrQIYFNkddqjafxnBR4YUpARflxws9qv4GIdcGxlnf1O_12yUDai8SSTxUcgTqQfxxmeegDVzJczEpvCzyDs3Y-PnXzjiGrq46f6qn2KJ0_-8V4aaeXnv0STZK7LKw-olD0Qabt8KXEX2ZFciLnZauSAAfich8Njuv1TzYPG6vpde9sZUAvJiOmcQ3ZhotVJu8dXY8jEYsC5ozBSAKrT5RPPaiKVdv1dnDpC_MyMg_9M1a4xOcR77elQGiZh3F-OePqaMju4FowviGGVVF1RSF0nRsf-u6DdNZR6qSSS20.cfxODHL7nFlggd63AaJRjANbaVdgKaPBOM57-4dX7bM&dib_tag=se&keywords=3%2Bply%2Btoilet%2Brolls&qid=1781196830&sprefix=3%2Bply%2B%2Caps%2C231&sr=8-2-spons&aref=cpWGDE2ycU&sp_csd=d2lkZ2V0TmFtZT1zcF9hdGY&th=1 | F42: 11.5 | H42: =IF(F42="","",IF(G42="",F42,G42)) -> 11.5 | I42: Standalone order | J42: 0 | K42: 0 | L42: =IF(H42="","",IF(I42="Grocery add-on",H42,H42+N(J42)+N(K42))) -> 11.5 | M42: 24 | N42: 155 | O42: =IF(OR(M42="",N42=""),"",M42*N42) -> 3720 | P42: 3 | S42: =IF(OR(Q42="",R42=""),"",Q42*R42/1000000) | T42: =IF(OR(O42="",S42=""),"",O42*S42) | U42: =IFERROR(L42/M42,"") -> 0.47916667 | V42: =IFERROR(L42/O42*100,"") -> 0.30913978 | W42: =IFERROR(L42/T42,"") | X42: 4.7 | Y42: 9555 | Z42: Yes | AA42: Yes | AB42: Calculated | AC42: =IF(A42="","",IF(AND(H42<>"",M42<>"",N42<>"",P42=3,Z42="Yes",AA42="Yes"),"High",IF(AND(H42<>"",M42<>"",N42<>""),"Medium","Low"))) -> High | AD42: =IF(AND(P42>=3,Z42="Yes",AA42="Yes",O42<>"",L42<>""),"Include","Exclude") -> Include | AE42: =IF(A42="","",IF(OR(ListingsTable[[#This Row],[rating]]="",ListingsTable[[#This Row],[review_count]]=""),1.03,IF(ListingsTable[[#This Row],[review_count]]<10,1,IF(ListingsTable[[#This Row],[rating]]>=4.5,0.95,IF(ListingsTable[[#This Row],[rating]]>=4,1,IF(ListingsTable[[#This Row],[rating]]<3.8,1.05,1)))))) -> 0.95 | AF42: =IF(AD42="Include",V42*AE42,"") -> 0.2936828 | AG42: =IF(AF42="","",COUNTIFS($AF$2:$AF$76,"<"&AF42,$AD$2:$AD$76,"Include")+COUNTIFS($AF$2:AF42,AF42,$AD$2:AD42,"Include")) -> 41
A43: 46185 | B43: Amazon | C43: Phoenix Toilet Rolls | D43: Phoenix | E43: https://www.amazon.co.uk/Phoenix-Supreme-Luxury-Toilet-Rolls/dp/B0BGT6WZYZ/ref=sxin_11_pa_sp_search_thematic_sspa?content-id=amzn1.sym.eb8a2e41-041d-4ab3-bd78-08246275f894%3Aamzn1.sym.eb8a2e41-041d-4ab3-bd78-08246275f894&cv_ct_cx=toilet%2Brolls%2B3ply&keywords=toilet%2Brolls%2B3ply&pd_rd_i=B0BGT6WZYZ&pd_rd_r=f0428668-d3cf-4e15-97ef-cf24bc2f1421&pd_rd_w=Nr7Fy&pd_rd_wg=UGclu&pf_rd_p=eb8a2e41-041d-4ab3-bd78-08246275f894&pf_rd_r=X7B60P4ED0BWN59HGRMK&qid=1781348685&sbo=RZvfv%2F%2FHxDF%2BO5021pAnSA%3D%3D&sr=1-3-ad3222ed-9545-4dc8-8dd8-6b2cb5278509-spons&aref=f42Oiui4ln&sp_csd=d2lkZ2V0TmFtZT1zcF9zZWFyY2hfdGhlbWF0aWM&th=1 | F43: 17.99 | H43: =IF(F43="","",IF(G43="",F43,G43)) -> 17.99 | I43: Standalone order | J43: 0 | K43: 0 | L43: =IF(H43="","",IF(I43="Grocery add-on",H43,H43+N(J43)+N(K43))) -> 17.99 | M43: 60 | N43: 100 | O43: =IF(OR(M43="",N43=""),"",M43*N43) -> 6000 | P43: 3 | S43: =IF(OR(Q43="",R43=""),"",Q43*R43/1000000) | T43: =IF(OR(O43="",S43=""),"",O43*S43) | U43: =IFERROR(L43/M43,"") -> 0.29983333 | V43: =IFERROR(L43/O43*100,"") -> 0.29983333 | W43: =IFERROR(L43/T43,"") | X43: 4.4 | Y43: 4866 | Z43: Yes | AA43: Yes | AB43: Direct | AC43: =IF(A43="","",IF(AND(H43<>"",M43<>"",N43<>"",P43=3,Z43="Yes",AA43="Yes"),"High",IF(AND(H43<>"",M43<>"",N43<>""),"Medium","Low"))) -> High | AD43: =IF(AND(P43>=3,Z43="Yes",AA43="Yes",O43<>"",L43<>""),"Include","Exclude") -> Include | AE43: =IF(A43="","",IF(OR(ListingsTable[[#This Row],[rating]]="",ListingsTable[[#This Row],[review_count]]=""),1.03,IF(ListingsTable[[#This Row],[review_count]]<10,1,IF(ListingsTable[[#This Row],[rating]]>=4.5,0.95,IF(ListingsTable[[#This Row],[rating]]>=4,1,IF(ListingsTable[[#This Row],[rating]]<3.8,1.05,1)))))) -> 1 | AF43: =IF(AD43="Include",V43*AE43,"") -> 0.29983333 | AG43: =IF(AF43="","",COUNTIFS($AF$2:$AF$76,"<"&AF43,$AD$2:$AD$76,"Include")+COUNTIFS($AF$2:AF43,AF43,$AD$2:AD43,"Include")) -> 42
A44: 46185 | B44: Asda | C44: Cushelle Quilted Toilet Roll | D44: Cushelle | E44: https://www.asda.com/groceries/product/all-medium-pack-toilet-rolls-8-12-rolls-/cushelle-quilted-toilet-roll-12-rolls-50-more-sheets/9122401 | F44: 9.85 | H44: =IF(F44="","",IF(G44="",F44,G44)) -> 9.85 | I44: Standalone order | J44: 0 | K44: 0 | L44: =IF(H44="","",IF(I44="Grocery add-on",H44,H44+N(J44)+N(K44))) -> 9.85 | M44: 12 | N44: 236 | O44: =IF(OR(M44="",N44=""),"",M44*N44) -> 2832 | P44: 3 | S44: =IF(OR(Q44="",R44=""),"",Q44*R44/1000000) | T44: =IF(OR(O44="",S44=""),"",O44*S44) | U44: =IFERROR(L44/M44,"") -> 0.82083333 | V44: =IFERROR(L44/O44*100,"") -> 0.34781073 | W44: =IFERROR(L44/T44,"") | X44: 4.7 | Y44: 1858 | Z44: Yes | AA44: Yes | AB44: Direct | AC44: =IF(A44="","",IF(AND(H44<>"",M44<>"",N44<>"",P44=3,Z44="Yes",AA44="Yes"),"High",IF(AND(H44<>"",M44<>"",N44<>""),"Medium","Low"))) -> High | AD44: =IF(AND(P44>=3,Z44="Yes",AA44="Yes",O44<>"",L44<>""),"Include","Exclude") -> Include | AE44: =IF(A44="","",IF(OR(ListingsTable[[#This Row],[rating]]="",ListingsTable[[#This Row],[review_count]]=""),1.03,IF(ListingsTable[[#This Row],[review_count]]<10,1,IF(ListingsTable[[#This Row],[rating]]>=4.5,0.95,IF(ListingsTable[[#This Row],[rating]]>=4,1,IF(ListingsTable[[#This Row],[rating]]<3.8,1.05,1)))))) -> 0.95 | AF44: =IF(AD44="Include",V44*AE44,"") -> 0.3304202 | AG44: =IF(AF44="","",COUNTIFS($AF$2:$AF$76,"<"&AF44,$AD$2:$AD$76,"Include")+COUNTIFS($AF$2:AF44,AF44,$AD$2:AD44,"Include")) -> 43
A45: 46188 | B45: Amazon | C45: Bumboo Bamboo Toilet Roll English Delft Edition | D45: Bumboo | E45: https://www.amazon.co.uk/dp/B0FNX5RLY2/ref=sspa_dk_detail_2?pd_rd_i=B0FNX5RLY2&pd_rd_w=lnCKy&content-id=amzn1.sym.26d398c2-a8df-41ee-9d9d-c3349e39be31&pf_rd_p=26d398c2-a8df-41ee-9d9d-c3349e39be31&pf_rd_r=GTC9WXNA42F1ES3YNCX0&pd_rd_wg=RNjXf&pd_rd_r=6aadc25d-ada7-4c6f-86f8-b0cf7d521915&aref=nEIOL3HRgB&sp_csd=d2lkZ2V0TmFtZT1zcF9kZXRhaWxfdGhlbWF0aWM&th=1 | F45: 24 | H45: =IF(F45="","",IF(G45="",F45,G45)) -> 24 | I45: Standalone order | J45: 0 | K45: 0 | L45: =IF(H45="","",IF(I45="Grocery add-on",H45,H45+N(J45)+N(K45))) -> 24 | M45: 24 | N45: 300 | O45: =IF(OR(M45="",N45=""),"",M45*N45) -> 7200 | P45: 3 | S45: =IF(OR(Q45="",R45=""),"",Q45*R45/1000000) | T45: =IF(OR(O45="",S45=""),"",O45*S45) | U45: =IFERROR(L45/M45,"") -> 1 | V45: =IFERROR(L45/O45*100,"") -> 0.33333333 | W45: =IFERROR(L45/T45,"") | X45: 4.4 | Y45: 136 | Z45: Yes | AA45: Yes | AB45: Direct | AC45: =IF(A45="","",IF(AND(H45<>"",M45<>"",N45<>"",P45=3,Z45="Yes",AA45="Yes"),"High",IF(AND(H45<>"",M45<>"",N45<>""),"Medium","Low"))) -> High | AD45: =IF(AND(P45>=3,Z45="Yes",AA45="Yes",O45<>"",L45<>""),"Include","Exclude") -> Include | AE45: =IF(A45="","",IF(OR(ListingsTable[[#This Row],[rating]]="",ListingsTable[[#This Row],[review_count]]=""),1.03,IF(ListingsTable[[#This Row],[review_count]]<10,1,IF(ListingsTable[[#This Row],[rating]]>=4.5,0.95,IF(ListingsTable[[#This Row],[rating]]>=4,1,IF(ListingsTable[[#This Row],[rating]]<3.8,1.05,1)))))) -> 1 | AF45: =IF(AD45="Include",V45*AE45,"") -> 0.33333333 | AG45: =IF(AF45="","",COUNTIFS($AF$2:$AF$76,"<"&AF45,$AD$2:$AD$76,"Include")+COUNTIFS($AF$2:AF45,AF45,$AD$2:AD45,"Include")) -> 44
A46: 46185 | B46: Tesco Marketplace | C46: Bliss Quilted Toilet Tissue Rolls | D46: Bliss | E46: https://www.tesco.com/shop/en-GB/products/325735848?seller=trn:tesco:seller:uuid:c6a59ebe-f8f7-4a77-8dee-f823a5fc562d&_gl=1*1cdoj0q*_up*MQ..*_ga*Njg3NDQwODQyLjE3ODEzMDY1OTI.*_ga_H653QXESTP*czE3ODEzMDY1ODkkbzEkZzAkdDE3ODEzMDY1OTEkajU4JGwwJGg2MzYzNjI3Mjg.*_ga_33B19D36CY*czE3ODEzMDY1OTEkbzEkZzEkdDE3ODEzMDY2MTYkajM1JGwwJGgxNTA2NjcyMjk0 | F46: 22.55 | H46: =IF(F46="","",IF(G46="",F46,G46)) -> 22.55 | I46: Standalone order | J46: 0 | K46: 0 | L46: =IF(H46="","",IF(I46="Grocery add-on",H46,H46+N(J46)+N(K46))) -> 22.55 | M46: 45 | N46: 150 | O46: =IF(OR(M46="",N46=""),"",M46*N46) -> 6750 | P46: 3 | S46: =IF(OR(Q46="",R46=""),"",Q46*R46/1000000) | T46: =IF(OR(O46="",S46=""),"",O46*S46) | U46: =IFERROR(L46/M46,"") -> 0.50111111 | V46: =IFERROR(L46/O46*100,"") -> 0.33407407 | W46: =IFERROR(L46/T46,"") | Z46: Yes | AA46: Yes | AB46: Direct | AC46: =IF(A46="","",IF(AND(H46<>"",M46<>"",N46<>"",P46=3,Z46="Yes",AA46="Yes"),"High",IF(AND(H46<>"",M46<>"",N46<>""),"Medium","Low"))) -> High | AD46: =IF(AND(P46>=3,Z46="Yes",AA46="Yes",O46<>"",L46<>""),"Include","Exclude") -> Include | AE46: =IF(A46="","",IF(OR(ListingsTable[[#This Row],[rating]]="",ListingsTable[[#This Row],[review_count]]=""),1.03,IF(ListingsTable[[#This Row],[review_count]]<10,1,IF(ListingsTable[[#This Row],[rating]]>=4.5,0.95,IF(ListingsTable[[#This Row],[rating]]>=4,1,IF(ListingsTable[[#This Row],[rating]]<3.8,1.05,1)))))) -> 1.03 | AF46: =IF(AD46="Include",V46*AE46,"") -> 0.3440963 | AG46: =IF(AF46="","",COUNTIFS($AF$2:$AF$76,"<"&AF46,$AD$2:$AD$76,"Include")+COUNTIFS($AF$2:AF46,AF46,$AD$2:AD46,"Include")) -> 45
A47: 46185 | B47: Tesco | C47: Foxy Silk 3ply Toilet Tissue | D47: Foxy Silk | E47: https://www.tesco.com/shop/en-GB/products/321044561?_gl=1*1yrv16d*_up*MQ..*_ga*Njg3NDQwODQyLjE3ODEzMDY1OTI.*_ga_H653QXESTP*czE3ODEzMDY1ODkkbzEkZzAkdDE3ODEzMDY1OTEkajU4JGwwJGg2MzYzNjI3Mjg.*_ga_33B19D36CY*czE3ODEzMDY1OTEkbzEkZzEkdDE3ODEzMDY5NTYkajE1JGwwJGgxNTA2NjcyMjk0 | F47: 5.95 | H47: =IF(F47="","",IF(G47="",F47,G47)) -> 5.95 | I47: Standalone order | J47: 0 | K47: 0 | L47: =IF(H47="","",IF(I47="Grocery add-on",H47,H47+N(J47)+N(K47))) -> 5.95 | M47: 9 | N47: 175 | O47: =IF(OR(M47="",N47=""),"",M47*N47) -> 1575 | P47: 3 | Q47: 104 | R47: 125 | S47: =IF(OR(Q47="",R47=""),"",Q47*R47/1000000) -> 0.013 | T47: =IF(OR(O47="",S47=""),"",O47*S47) -> 20.475 | U47: =IFERROR(L47/M47,"") -> 0.66111111 | V47: =IFERROR(L47/O47*100,"") -> 0.37777778 | W47: =IFERROR(L47/T47,"") -> 0.29059829 | X47: 4.4 | Y47: 13 | Z47: Yes | AA47: Yes | AB47: Direct | AC47: =IF(A47="","",IF(AND(H47<>"",M47<>"",N47<>"",P47=3,Z47="Yes",AA47="Yes"),"High",IF(AND(H47<>"",M47<>"",N47<>""),"Medium","Low"))) -> High | AD47: =IF(AND(P47>=3,Z47="Yes",AA47="Yes",O47<>"",L47<>""),"Include","Exclude") -> Include | AE47: =IF(A47="","",IF(OR(ListingsTable[[#This Row],[rating]]="",ListingsTable[[#This Row],[review_count]]=""),1.03,IF(ListingsTable[[#This Row],[review_count]]<10,1,IF(ListingsTable[[#This Row],[rating]]>=4.5,0.95,IF(ListingsTable[[#This Row],[rating]]>=4,1,IF(ListingsTable[[#This Row],[rating]]<3.8,1.05,1)))))) -> 1 | AF47: =IF(AD47="Include",V47*AE47,"") -> 0.37777778 | AG47: =IF(AF47="","",COUNTIFS($AF$2:$AF$76,"<"&AF47,$AD$2:$AD$76,"Include")+COUNTIFS($AF$2:AF47,AF47,$AD$2:AD47,"Include")) -> 46
A48: 46185 | B48: Tesco | C48: Who Gives A Crap Extra Soft Limited Edition Toilet Tissue | D48: Who Gives A Crap | E48: https://www.tesco.com/shop/en-GB/products/322263288?_gl=1*1pg7u36*_up*MQ..*_ga*Njg3NDQwODQyLjE3ODEzMDY1OTI.*_ga_H653QXESTP*czE3ODEzMDY1ODkkbzEkZzAkdDE3ODEzMDY1OTEkajU4JGwwJGg2MzYzNjI3Mjg.*_ga_33B19D36CY*czE3ODEzMDY1OTEkbzEkZzEkdDE3ODEzMDY2MTYkajM1JGwwJGgxNTA2NjcyMjk0 | F48: 12.25 | H48: =IF(F48="","",IF(G48="",F48,G48)) -> 12.25 | I48: Standalone order | J48: 0 | K48: 0 | L48: =IF(H48="","",IF(I48="Grocery add-on",H48,H48+N(J48)+N(K48))) -> 12.25 | M48: 12 | N48: 270 | O48: =IF(OR(M48="",N48=""),"",M48*N48) -> 3240 | P48: 3 | Q48: 100 | R48: 100 | S48: =IF(OR(Q48="",R48=""),"",Q48*R48/1000000) -> 0.01 | T48: =IF(OR(O48="",S48=""),"",O48*S48) -> 32.4 | U48: =IFERROR(L48/M48,"") -> 1.0208333 | V48: =IFERROR(L48/O48*100,"") -> 0.37808642 | W48: =IFERROR(L48/T48,"") -> 0.37808642 | X48: 4.4 | Y48: 39 | Z48: Yes | AA48: Yes | AB48: Direct | AC48: =IF(A48="","",IF(AND(H48<>"",M48<>"",N48<>"",P48=3,Z48="Yes",AA48="Yes"),"High",IF(AND(H48<>"",M48<>"",N48<>""),"Medium","Low"))) -> High | AD48: =IF(AND(P48>=3,Z48="Yes",AA48="Yes",O48<>"",L48<>""),"Include","Exclude") -> Include | AE48: =IF(A48="","",IF(OR(ListingsTable[[#This Row],[rating]]="",ListingsTable[[#This Row],[review_count]]=""),1.03,IF(ListingsTable[[#This Row],[review_count]]<10,1,IF(ListingsTable[[#This Row],[rating]]>=4.5,0.95,IF(ListingsTable[[#This Row],[rating]]>=4,1,IF(ListingsTable[[#This Row],[rating]]<3.8,1.05,1)))))) -> 1 | AF48: =IF(AD48="Include",V48*AE48,"") -> 0.37808642 | AG48: =IF(AF48="","",COUNTIFS($AF$2:$AF$76,"<"&AF48,$AD$2:$AD$76,"Include")+COUNTIFS($AF$2:AF48,AF48,$AD$2:AD48,"Include")) -> 47
A49: 46188 | B49: Amazon | C49: Tork 110782 extra soft toilet rolls | D49: Tork | E49: https://www.amazon.co.uk/Tork-110782-premium-quality-tear-resistant/dp/B001IVMZJE/ref=sr_1_69?dib=eyJ2IjoiMSJ9.zLBvAWWN9LXeSGaNKgq_kwu6K1tlIUQdQ3a_4ewJtlE4qQ5y8DlucRLVp_it6y2lT9Uysy5s91Jtpyca3GJsv58AKGjDe5GuyTokuf0pLuT1_rCCxETb1BiZpYsPLtCwLawjed9U8b5A8Pydxb_3mMxg_sDdo6U5pXdELasD7ydsMqXbqDle7JsKTYxfiF0s12xowJD9FwgD3Abj05V9F1FQU1bviCm5doI-7Iu2zPERwvnjX9Ke7E-Mf-2ELd1tbut23mbKYpXSXH0lIOAFQnrwfonOaq4np4WztNOX5T4.wrBMswEacn4pfixDjRlhv2_T6bhTNv02JKGWJOoCHCw&dib_tag=se&keywords=toilet+rolls+3ply&qid=1781348762&xpid=FjHbdT4PCS1_n | F49: 28.99 | H49: =IF(F49="","",IF(G49="",F49,G49)) -> 28.99 | I49: Standalone order | J49: 0 | K49: 0 | L49: =IF(H49="","",IF(I49="Grocery add-on",H49,H49+N(J49)+N(K49))) -> 28.99 | M49: 30 | N49: 250 | O49: =IF(OR(M49="",N49=""),"",M49*N49) -> 7500 | P49: 3 | Q49: 100 | R49: 130 | S49: =IF(OR(Q49="",R49=""),"",Q49*R49/1000000) -> 0.013 | T49: =IF(OR(O49="",S49=""),"",O49*S49) -> 97.5 | U49: =IFERROR(L49/M49,"") -> 0.96633333 | V49: =IFERROR(L49/O49*100,"") -> 0.38653333 | W49: =IFERROR(L49/T49,"") -> 0.29733333 | X49: 4.2 | Y49: 191 | Z49: Yes | AA49: Yes | AB49: Direct | AC49: =IF(A49="","",IF(AND(H49<>"",M49<>"",N49<>"",P49=3,Z49="Yes",AA49="Yes"),"High",IF(AND(H49<>"",M49<>"",N49<>""),"Medium","Low"))) -> High | AD49: =IF(AND(P49>=3,Z49="Yes",AA49="Yes",O49<>"",L49<>""),"Include","Exclude") -> Include | AE49: =IF(A49="","",IF(OR(ListingsTable[[#This Row],[rating]]="",ListingsTable[[#This Row],[review_count]]=""),1.03,IF(ListingsTable[[#This Row],[review_count]]<10,1,IF(ListingsTable[[#This Row],[rating]]>=4.5,0.95,IF(ListingsTable[[#This Row],[rating]]>=4,1,IF(ListingsTable[[#This Row],[rating]]<3.8,1.05,1)))))) -> 1 | AF49: =IF(AD49="Include",V49*AE49,"") -> 0.38653333 | AG49: =IF(AF49="","",COUNTIFS($AF$2:$AF$76,"<"&AF49,$AD$2:$AD$76,"Include")+COUNTIFS($AF$2:AF49,AF49,$AD$2:AD49,"Include")) -> 48
A50: 46188 | B50: Amazon | C50: Scott® Control™ Small Roll Toilet Tissue 8558 | D50: Scott® Control™ | E50: https://www.amazon.co.uk/dp/B0CXYB15V4/ref=sspa_dk_detail_2?pd_rd_i=B0CXYB15V4&pd_rd_w=YFjNz&content-id=amzn1.sym.2f04b396-4cf6-4c10-837f-e222197e3b38&pf_rd_p=2f04b396-4cf6-4c10-837f-e222197e3b38&pf_rd_r=ZNA7W733GQ76FAY9A47Y&pd_rd_wg=KCuZj&pd_rd_r=9a025201-41a8-4ecb-8339-9caf239e3056&aref=BGvMMu0noK&sp_csd=d2lkZ2V0TmFtZT1zcF9kZXRhaWxfdGhlbWF0aWM&th=1 | F50: 33.47 | H50: =IF(F50="","",IF(G50="",F50,G50)) -> 33.47 | I50: Standalone order | J50: 0 | K50: 0 | L50: =IF(H50="","",IF(I50="Grocery add-on",H50,H50+N(J50)+N(K50))) -> 33.47 | M50: 30 | N50: 300 | O50: =IF(OR(M50="",N50=""),"",M50*N50) -> 9000 | P50: 3 | S50: =IF(OR(Q50="",R50=""),"",Q50*R50/1000000) | T50: =IF(OR(O50="",S50=""),"",O50*S50) | U50: =IFERROR(L50/M50,"") -> 1.1156667 | V50: =IFERROR(L50/O50*100,"") -> 0.37188889 | W50: =IFERROR(L50/T50,"") | X50: 3.7 | Y50: 22 | Z50: Yes | AA50: Yes | AB50: Direct | AC50: =IF(A50="","",IF(AND(H50<>"",M50<>"",N50<>"",P50=3,Z50="Yes",AA50="Yes"),"High",IF(AND(H50<>"",M50<>"",N50<>""),"Medium","Low"))) -> High | AD50: =IF(AND(P50>=3,Z50="Yes",AA50="Yes",O50<>"",L50<>""),"Include","Exclude") -> Include | AE50: =IF(A50="","",IF(OR(ListingsTable[[#This Row],[rating]]="",ListingsTable[[#This Row],[review_count]]=""),1.03,IF(ListingsTable[[#This Row],[review_count]]<10,1,IF(ListingsTable[[#This Row],[rating]]>=4.5,0.95,IF(ListingsTable[[#This Row],[rating]]>=4,1,IF(ListingsTable[[#This Row],[rating]]<3.8,1.05,1)))))) -> 1.05 | AF50: =IF(AD50="Include",V50*AE50,"") -> 0.39048333 | AG50: =IF(AF50="","",COUNTIFS($AF$2:$AF$76,"<"&AF50,$AD$2:$AD$76,"Include")+COUNTIFS($AF$2:AF50,AF50,$AD$2:AD50,"Include")) -> 49
A51: 46188 | B51: Amazon | C51: Pure Boo® Unbleached Bamboo Toilet Rolls | D51: Pure Boo | E51: https://www.amazon.co.uk/Pure-Unbleached-Bamboo-Toilet-Rolls/dp/B0FG1PK84T/ref=sr_1_65?dib=eyJ2IjoiMSJ9.zLBvAWWN9LXeSGaNKgq_kwu6K1tlIUQdQ3a_4ewJtlE4qQ5y8DlucRLVp_it6y2lT9Uysy5s91Jtpyca3GJsv58AKGjDe5GuyTokuf0pLuT1_rCCxETb1BiZpYsPLtCwLawjed9U8b5A8Pydxb_3mMxg_sDdo6U5pXdELasD7ydsMqXbqDle7JsKTYxfiF0s12xowJD9FwgD3Abj05V9F1FQU1bviCm5doI-7Iu2zPERwvnjX9Ke7E-Mf-2ELd1tbut23mbKYpXSXH0lIOAFQnrwfonOaq4np4WztNOX5T4.wrBMswEacn4pfixDjRlhv2_T6bhTNv02JKGWJOoCHCw&dib_tag=se&keywords=toilet+rolls+3ply&qid=1781348762&xpid=FjHbdT4PCS1_n | F51: 19.99 | H51: =IF(F51="","",IF(G51="",F51,G51)) -> 19.99 | I51: Standalone order | J51: 0 | K51: 0 | L51: =IF(H51="","",IF(I51="Grocery add-on",H51,H51+N(J51)+N(K51))) -> 19.99 | M51: 24 | N51: 200 | O51: =IF(OR(M51="",N51=""),"",M51*N51) -> 4800 | P51: 3 | S51: =IF(OR(Q51="",R51=""),"",Q51*R51/1000000) | T51: =IF(OR(O51="",S51=""),"",O51*S51) | U51: =IFERROR(L51/M51,"") -> 0.83291667 | V51: =IFERROR(L51/O51*100,"") -> 0.41645833 | W51: =IFERROR(L51/T51,"") | X51: 4.6 | Y51: 175 | Z51: Yes | AA51: Yes | AB51: Direct | AC51: =IF(A51="","",IF(AND(H51<>"",M51<>"",N51<>"",P51=3,Z51="Yes",AA51="Yes"),"High",IF(AND(H51<>"",M51<>"",N51<>""),"Medium","Low"))) -> High | AD51: =IF(AND(P51>=3,Z51="Yes",AA51="Yes",O51<>"",L51<>""),"Include","Exclude") -> Include | AE51: =IF(A51="","",IF(OR(ListingsTable[[#This Row],[rating]]="",ListingsTable[[#This Row],[review_count]]=""),1.03,IF(ListingsTable[[#This Row],[review_count]]<10,1,IF(ListingsTable[[#This Row],[rating]]>=4.5,0.95,IF(ListingsTable[[#This Row],[rating]]>=4,1,IF(ListingsTable[[#This Row],[rating]]<3.8,1.05,1)))))) -> 0.95 | AF51: =IF(AD51="Include",V51*AE51,"") -> 0.39563542 | AG51: =IF(AF51="","",COUNTIFS($AF$2:$AF$76,"<"&AF51,$AD$2:$AD$76,"Include")+COUNTIFS($AF$2:AF51,AF51,$AD$2:AD51,"Include")) -> 50
A52: 46188 | B52: Amazon | C52: Karrma 3 Ply Quilted Toilet Tissues Rolls | D52: Karrma | E52: https://www.amazon.co.uk/Quilted-Toilet-Tissues-Sustainable-Bathroom/dp/B0BL3S5P7G/ref=sr_1_125?dib=eyJ2IjoiMSJ9.0aKA_PMLIKi2qGTchC6dPM5zhv8QsLw5eUUuDlCSE_fciUTE0oVddZ7NNloM0K-kT9TfCodEDyPi97i00T3eKQDFnA5_sVmcnAjpT7sw9YeRI-stOQCHUaKr9uHkw8uLqJaQbjwE3RYh-mL_1dAvjGWh3f9KlQ0Tf_-utSX-4MrlcYA5jXUL5eeX2WJNsr6V00EpqfrEXfjbhCqqZfmmG3pFt9JnDVJmN3he0e56IBi-Ou8B8eM1tIoPirzfizNAfJbmX96Q6ofLwnboOt2irCSCGUCqO7ZPjjqn83S6mnY.w6hjR7-hjluwhACGaPledFpWgPZmiomJwu0HguJEeWc&dib_tag=se&keywords=toilet+rolls+3ply&qid=1781537902&xpid=FjHbdT4PCS1_n | F52: 6.99 | H52: =IF(F52="","",IF(G52="",F52,G52)) -> 6.99 | I52: Standalone order | J52: 0 | K52: 0 | L52: =IF(H52="","",IF(I52="Grocery add-on",H52,H52+N(J52)+N(K52))) -> 6.99 | M52: 12 | N52: 145 | O52: =IF(OR(M52="",N52=""),"",M52*N52) -> 1740 | P52: 3 | Q52: 105 | R52: 115 | S52: =IF(OR(Q52="",R52=""),"",Q52*R52/1000000) -> 0.012075 | T52: =IF(OR(O52="",S52=""),"",O52*S52) -> 21.0105 | U52: =IFERROR(L52/M52,"") -> 0.5825 | V52: =IFERROR(L52/O52*100,"") -> 0.40172414 | W52: =IFERROR(L52/T52,"") -> 0.3326908 | X52: 4.2 | Y52: 63 | Z52: Yes | AA52: Yes | AB52: Direct | AC52: =IF(A52="","",IF(AND(H52<>"",M52<>"",N52<>"",P52=3,Z52="Yes",AA52="Yes"),"High",IF(AND(H52<>"",M52<>"",N52<>""),"Medium","Low"))) -> High | AD52: =IF(AND(P52>=3,Z52="Yes",AA52="Yes",O52<>"",L52<>""),"Include","Exclude") -> Include | AE52: =IF(A52="","",IF(OR(ListingsTable[[#This Row],[rating]]="",ListingsTable[[#This Row],[review_count]]=""),1.03,IF(ListingsTable[[#This Row],[review_count]]<10,1,IF(ListingsTable[[#This Row],[rating]]>=4.5,0.95,IF(ListingsTable[[#This Row],[rating]]>=4,1,IF(ListingsTable[[#This Row],[rating]]<3.8,1.05,1)))))) -> 1 | AF52: =IF(AD52="Include",V52*AE52,"") -> 0.40172414 | AG52: =IF(AF52="","",COUNTIFS($AF$2:$AF$76,"<"&AF52,$AD$2:$AD$76,"Include")+COUNTIFS($AF$2:AF52,AF52,$AD$2:AD52,"Include")) -> 51
A53: 46188 | B53: Amazon | C53: Blake & White Purely Smile 3 Ply Soft Toilet Rolls | D53: Blake & White | E53: https://www.amazon.co.uk/Blake-White-Purely-PS1125-Certified/dp/B082XPDSGJ/ref=sr_1_88?dib=eyJ2IjoiMSJ9.zLBvAWWN9LXeSGaNKgq_kwu6K1tlIUQdQ3a_4ewJtlE4qQ5y8DlucRLVp_it6y2lT9Uysy5s91Jtpyca3GJsv58AKGjDe5GuyTokuf0pLuT1_rCCxETb1BiZpYsPLtCwLawjed9U8b5A8Pydxb_3mMxg_sDdo6U5pXdELasD7ydsMqXbqDle7JsKTYxfiF0s12xowJD9FwgD3Abj05V9F1FQU1bviCm5doI-7Iu2zPERwvnjX9Ke7E-Mf-2ELd1tbut23mbKYpXSXH0lIOAFQnrwfonOaq4np4WztNOX5T4.wrBMswEacn4pfixDjRlhv2_T6bhTNv02JKGWJOoCHCw&dib_tag=se&keywords=toilet+rolls+3ply&qid=1781348762&rdc=1&xpid=FjHbdT4PCS1_n | F53: 9.99 | H53: =IF(F53="","",IF(G53="",F53,G53)) -> 9.99 | I53: Standalone order | J53: 0 | K53: 0 | L53: =IF(H53="","",IF(I53="Grocery add-on",H53,H53+N(J53)+N(K53))) -> 9.99 | M53: 12 | N53: 200 | O53: =IF(OR(M53="",N53=""),"",M53*N53) -> 2400 | P53: 3 | S53: =IF(OR(Q53="",R53=""),"",Q53*R53/1000000) | T53: =IF(OR(O53="",S53=""),"",O53*S53) | U53: =IFERROR(L53/M53,"") -> 0.8325 | V53: =IFERROR(L53/O53*100,"") -> 0.41625 | W53: =IFERROR(L53/T53,"") | X53: 4.2 | Y53: 1583 | Z53: Yes | AA53: Yes | AB53: Direct | AC53: =IF(A53="","",IF(AND(H53<>"",M53<>"",N53<>"",P53=3,Z53="Yes",AA53="Yes"),"High",IF(AND(H53<>"",M53<>"",N53<>""),"Medium","Low"))) -> High | AD53: =IF(AND(P53>=3,Z53="Yes",AA53="Yes",O53<>"",L53<>""),"Include","Exclude") -> Include | AE53: =IF(A53="","",IF(OR(ListingsTable[[#This Row],[rating]]="",ListingsTable[[#This Row],[review_count]]=""),1.03,IF(ListingsTable[[#This Row],[review_count]]<10,1,IF(ListingsTable[[#This Row],[rating]]>=4.5,0.95,IF(ListingsTable[[#This Row],[rating]]>=4,1,IF(ListingsTable[[#This Row],[rating]]<3.8,1.05,1)))))) -> 1 | AF53: =IF(AD53="Include",V53*AE53,"") -> 0.41625 | AG53: =IF(AF53="","",COUNTIFS($AF$2:$AF$76,"<"&AF53,$AD$2:$AD$76,"Include")+COUNTIFS($AF$2:AF53,AF53,$AD$2:AD53,"Include")) -> 52
A54: 46185 | B54: Sainsbury's | C54: Cushelle Quilted Toilet Rolls 50% More Sheets x12 | D54: Cushelle | E54: https://www.sainsburys.co.uk/gol-ui/product/cushelle-quilted-toilet-rolls-50-more-sheets-x12 | F54: 13.25 | H54: =IF(F54="","",IF(G54="",F54,G54)) -> 13.25 | I54: Standalone order | J54: 0 | K54: 0 | L54: =IF(H54="","",IF(I54="Grocery add-on",H54,H54+N(J54)+N(K54))) -> 13.25 | M54: 12 | N54: 236 | O54: =IF(OR(M54="",N54=""),"",M54*N54) -> 2832 | P54: 3 | S54: =IF(OR(Q54="",R54=""),"",Q54*R54/1000000) | T54: =IF(OR(O54="",S54=""),"",O54*S54) | U54: =IFERROR(L54/M54,"") -> 1.1041667 | V54: =IFERROR(L54/O54*100,"") -> 0.46786723 | W54: =IFERROR(L54/T54,"") | X54: 4.7 | Y54: 1874 | Z54: Yes | AA54: Yes | AB54: Direct | AC54: =IF(A54="","",IF(AND(H54<>"",M54<>"",N54<>"",P54=3,Z54="Yes",AA54="Yes"),"High",IF(AND(H54<>"",M54<>"",N54<>""),"Medium","Low"))) -> High | AD54: =IF(AND(P54>=3,Z54="Yes",AA54="Yes",O54<>"",L54<>""),"Include","Exclude") -> Include | AE54: =IF(A54="","",IF(OR(ListingsTable[[#This Row],[rating]]="",ListingsTable[[#This Row],[review_count]]=""),1.03,IF(ListingsTable[[#This Row],[review_count]]<10,1,IF(ListingsTable[[#This Row],[rating]]>=4.5,0.95,IF(ListingsTable[[#This Row],[rating]]>=4,1,IF(ListingsTable[[#This Row],[rating]]<3.8,1.05,1)))))) -> 0.95 | AF54: =IF(AD54="Include",V54*AE54,"") -> 0.44447387 | AG54: =IF(AF54="","",COUNTIFS($AF$2:$AF$76,"<"&AF54,$AD$2:$AD$76,"Include")+COUNTIFS($AF$2:AF54,AF54,$AD$2:AD54,"Include")) -> 53
A55: 46188 | B55: Amazon | C55: Kleenex Toilet Roll | D55: Kleenex | E55: https://www.amazon.co.uk/Kleenex-Premium-8484-Toilet-quilted/dp/B00QX8YKCC/ref=sr_1_106_sspa?dib=eyJ2IjoiMSJ9.0aKA_PMLIKi2qGTchC6dPM5zhv8QsLw5eUUuDlCSE_fciUTE0oVddZ7NNloM0K-kT9TfCodEDyPi97i00T3eKQDFnA5_sVmcnAjpT7sw9YeRI-stOQCHUaKr9uHkw8uLqJaQbjwE3RYh-mL_1dAvjGWh3f9KlQ0Tf_-utSX-4MrlcYA5jXUL5eeX2WJNsr6V00EpqfrEXfjbhCqqZfmmG3pFt9JnDVJmN3he0e56IBi-Ou8B8eM1tIoPirzfizNAfJbmX96Q6ofLwnboOt2irCSCGUCqO7ZPjjqn83S6mnY.w6hjR7-hjluwhACGaPledFpWgPZmiomJwu0HguJEeWc&dib_tag=se&keywords=toilet%2Brolls%2B3ply&qid=1781537902&xpid=FjHbdT4PCS1_n&aref=AElhydRHrG&sp_csd=d2lkZ2V0TmFtZT1zcF9tdGY&th=1 | F55: 32.34 | H55: =IF(F55="","",IF(G55="",F55,G55)) -> 32.34 | I55: Standalone order | J55: 0 | K55: 0 | L55: =IF(H55="","",IF(I55="Grocery add-on",H55,H55+N(J55)+N(K55))) -> 32.34 | M55: 24 | N55: 160 | O55: =IF(OR(M55="",N55=""),"",M55*N55) -> 3840 | P55: 4 | S55: =IF(OR(Q55="",R55=""),"",Q55*R55/1000000) | T55: =IF(OR(O55="",S55=""),"",O55*S55) | U55: =IFERROR(L55/M55,"") -> 1.3475 | V55: =IFERROR(L55/O55*100,"") -> 0.8421875 | W55: =IFERROR(L55/T55,"") | X55: 4.4 | Y55: 1720 | Z55: Yes | AA55: Yes | AB55: Direct | AC55: =IF(A55="","",IF(AND(H55<>"",M55<>"",N55<>"",P55=3,Z55="Yes",AA55="Yes"),"High",IF(AND(H55<>"",M55<>"",N55<>""),"Medium","Low"))) -> Medium | AD55: =IF(AND(P55>=3,Z55="Yes",AA55="Yes",O55<>"",L55<>""),"Include","Exclude") -> Include | AE55: =IF(A55="","",IF(OR(ListingsTable[[#This Row],[rating]]="",ListingsTable[[#This Row],[review_count]]=""),1.03,IF(ListingsTable[[#This Row],[review_count]]<10,1,IF(ListingsTable[[#This Row],[rating]]>=4.5,0.95,IF(ListingsTable[[#This Row],[rating]]>=4,1,IF(ListingsTable[[#This Row],[rating]]<3.8,1.05,1)))))) -> 1 | AF55: =IF(AD55="Include",V55*AE55,"") -> 0.8421875 | AG55: =IF(AF55="","",COUNTIFS($AF$2:$AF$76,"<"&AF55,$AD$2:$AD$76,"Include")+COUNTIFS($AF$2:AF55,AF55,$AD$2:AD55,"Include")) -> 54
A56: 46188 | B56: Amazon | C56: Morrisons Even Softer Quilted Comfort Tissue | D56: Morrisons | E56: https://www.amazon.co.uk/Morrisons-Softer-Quilted-Comfort-Tissue/dp/B01N6NJ6HY/ref=sr_1_101?dib=eyJ2IjoiMSJ9.0aKA_PMLIKi2qGTchC6dPM5zhv8QsLw5eUUuDlCSE_fciUTE0oVddZ7NNloM0K-kT9TfCodEDyPi97i00T3eKQDFnA5_sVmcnAjpT7sw9YeRI-stOQCHUaKr9uHkw8uLqJaQbjwE3RYh-mL_1dAvjGWh3f9KlQ0Tf_-utSX-4MrlcYA5jXUL5eeX2WJNsr6V00EpqfrEXfjbhCqqZfmmG3pFt9JnDVJmN3he0e56IBi-Ou8B8eM1tIoPirzfizNAfJbmX96Q6ofLwnboOt2irCSCGUCqO7ZPjjqn83S6mnY.w6hjR7-hjluwhACGaPledFpWgPZmiomJwu0HguJEeWc&dib_tag=se&keywords=toilet%2Brolls%2B3ply&qid=1781537902&xpid=FjHbdT4PCS1_n&th=1 | F56: 4.99 | H56: 4.99 | I56: Standalone order | J56: 0 | K56: 0 | L56: =IF(H56="","",IF(I56="Grocery add-on",H56,H56+N(J56)+N(K56))) -> 4.99 | M56: 4 | N56: 100 | O56: =IF(OR(M56="",N56=""),"",M56*N56) -> 400 | P56: 4 | S56: =IF(OR(Q56="",R56=""),"",Q56*R56/1000000) | T56: =IF(OR(O56="",S56=""),"",O56*S56) | U56: =IFERROR(L56/M56,"") -> 1.2475 | V56: =IFERROR(L56/O56*100,"") -> 1.2475 | W56: =IFERROR(L56/T56,"") | X56: 4.4 | Y56: 3803 | Z56: Yes | AA56: Yes | AB56: Direct | AC56: =IF(A56="","",IF(AND(H56<>"",M56<>"",N56<>"",P56=3,Z56="Yes",AA56="Yes"),"High",IF(AND(H56<>"",M56<>"",N56<>""),"Medium","Low"))) -> Medium | AD56: =IF(AND(P56>=3,Z56="Yes",AA56="Yes",O56<>"",L56<>""),"Include","Exclude") -> Include | AE56: =IF(A56="","",IF(OR(ListingsTable[[#This Row],[rating]]="",ListingsTable[[#This Row],[review_count]]=""),1.03,IF(ListingsTable[[#This Row],[review_count]]<10,1,IF(ListingsTable[[#This Row],[rating]]>=4.5,0.95,IF(ListingsTable[[#This Row],[rating]]>=4,1,IF(ListingsTable[[#This Row],[rating]]<3.8,1.05,1)))))) -> 1 | AF56: =IF(AD56="Include",V56*AE56,"") -> 1.2475 | AG56: =IF(AF56="","",COUNTIFS($AF$2:$AF$76,"<"&AF56,$AD$2:$AD$76,"Include")+COUNTIFS($AF$2:AF56,AF56,$AD$2:AD56,"Include")) -> 55
AD57: =IF(AND(P57>=3,Z57="Yes",AA57="Yes",O57<>"",L57<>""),"Include","Exclude") -> Exclude | AE57: =IF(A57="","",IF(OR(ListingsTable[[#This Row],[rating]]="",ListingsTable[[#This Row],[review_count]]=""),1.03,IF(ListingsTable[[#This Row],[review_count]]<10,1,IF(ListingsTable[[#This Row],[rating]]>=4.5,0.95,IF(ListingsTable[[#This Row],[rating]]>=4,1,IF(ListingsTable[[#This Row],[rating]]<3.8,1.05,1))))))
AD58: =IF(AND(P58>=3,Z58="Yes",AA58="Yes",O58<>"",L58<>""),"Include","Exclude") -> Exclude | AE58: =IF(A58="","",IF(OR(ListingsTable[[#This Row],[rating]]="",ListingsTable[[#This Row],[review_count]]=""),1.03,IF(ListingsTable[[#This Row],[review_count]]<10,1,IF(ListingsTable[[#This Row],[rating]]>=4.5,0.95,IF(ListingsTable[[#This Row],[rating]]>=4,1,IF(ListingsTable[[#This Row],[rating]]<3.8,1.05,1))))))
AD59: =IF(AND(P59>=3,Z59="Yes",AA59="Yes",O59<>"",L59<>""),"Include","Exclude") -> Exclude | AE59: =IF(A59="","",IF(OR(ListingsTable[[#This Row],[rating]]="",ListingsTable[[#This Row],[review_count]]=""),1.03,IF(ListingsTable[[#This Row],[review_count]]<10,1,IF(ListingsTable[[#This Row],[rating]]>=4.5,0.95,IF(ListingsTable[[#This Row],[rating]]>=4,1,IF(ListingsTable[[#This Row],[rating]]<3.8,1.05,1))))))
AD60: =IF(AND(P60>=3,Z60="Yes",AA60="Yes",O60<>"",L60<>""),"Include","Exclude") -> Exclude | AE60: =IF(A60="","",IF(OR(ListingsTable[[#This Row],[rating]]="",ListingsTable[[#This Row],[review_count]]=""),1.03,IF(ListingsTable[[#This Row],[review_count]]<10,1,IF(ListingsTable[[#This Row],[rating]]>=4.5,0.95,IF(ListingsTable[[#This Row],[rating]]>=4,1,IF(ListingsTable[[#This Row],[rating]]<3.8,1.05,1))))))
AD61: =IF(AND(P61>=3,Z61="Yes",AA61="Yes",O61<>"",L61<>""),"Include","Exclude") -> Exclude | AE61: =IF(A61="","",IF(OR(ListingsTable[[#This Row],[rating]]="",ListingsTable[[#This Row],[review_count]]=""),1.03,IF(ListingsTable[[#This Row],[review_count]]<10,1,IF(ListingsTable[[#This Row],[rating]]>=4.5,0.95,IF(ListingsTable[[#This Row],[rating]]>=4,1,IF(ListingsTable[[#This Row],[rating]]<3.8,1.05,1))))))
AD62: =IF(AND(P62>=3,Z62="Yes",AA62="Yes",O62<>"",L62<>""),"Include","Exclude") -> Exclude | AE62: =IF(A62="","",IF(OR(ListingsTable[[#This Row],[rating]]="",ListingsTable[[#This Row],[review_count]]=""),1.03,IF(ListingsTable[[#This Row],[review_count]]<10,1,IF(ListingsTable[[#This Row],[rating]]>=4.5,0.95,IF(ListingsTable[[#This Row],[rating]]>=4,1,IF(ListingsTable[[#This Row],[rating]]<3.8,1.05,1))))))
AD63: =IF(AND(P63>=3,Z63="Yes",AA63="Yes",O63<>"",L63<>""),"Include","Exclude") -> Exclude | AE63: =IF(A63="","",IF(OR(ListingsTable[[#This Row],[rating]]="",ListingsTable[[#This Row],[review_count]]=""),1.03,IF(ListingsTable[[#This Row],[review_count]]<10,1,IF(ListingsTable[[#This Row],[rating]]>=4.5,0.95,IF(ListingsTable[[#This Row],[rating]]>=4,1,IF(ListingsTable[[#This Row],[rating]]<3.8,1.05,1))))))
AD64: =IF(AND(P64>=3,Z64="Yes",AA64="Yes",O64<>"",L64<>""),"Include","Exclude") -> Exclude | AE64: =IF(A64="","",IF(OR(ListingsTable[[#This Row],[rating]]="",ListingsTable[[#This Row],[review_count]]=""),1.03,IF(ListingsTable[[#This Row],[review_count]]<10,1,IF(ListingsTable[[#This Row],[rating]]>=4.5,0.95,IF(ListingsTable[[#This Row],[rating]]>=4,1,IF(ListingsTable[[#This Row],[rating]]<3.8,1.05,1))))))
AD65: =IF(AND(P65>=3,Z65="Yes",AA65="Yes",O65<>"",L65<>""),"Include","Exclude") -> Exclude | AE65: =IF(A65="","",IF(OR(ListingsTable[[#This Row],[rating]]="",ListingsTable[[#This Row],[review_count]]=""),1.03,IF(ListingsTable[[#This Row],[review_count]]<10,1,IF(ListingsTable[[#This Row],[rating]]>=4.5,0.95,IF(ListingsTable[[#This Row],[rating]]>=4,1,IF(ListingsTable[[#This Row],[rating]]<3.8,1.05,1))))))
AD66: =IF(AND(P66>=3,Z66="Yes",AA66="Yes",O66<>"",L66<>""),"Include","Exclude") -> Exclude | AE66: =IF(A66="","",IF(OR(ListingsTable[[#This Row],[rating]]="",ListingsTable[[#This Row],[review_count]]=""),1.03,IF(ListingsTable[[#This Row],[review_count]]<10,1,IF(ListingsTable[[#This Row],[rating]]>=4.5,0.95,IF(ListingsTable[[#This Row],[rating]]>=4,1,IF(ListingsTable[[#This Row],[rating]]<3.8,1.05,1))))))
AD67: =IF(AND(P67>=3,Z67="Yes",AA67="Yes",O67<>"",L67<>""),"Include","Exclude") -> Exclude | AE67: =IF(A67="","",IF(OR(ListingsTable[[#This Row],[rating]]="",ListingsTable[[#This Row],[review_count]]=""),1.03,IF(ListingsTable[[#This Row],[review_count]]<10,1,IF(ListingsTable[[#This Row],[rating]]>=4.5,0.95,IF(ListingsTable[[#This Row],[rating]]>=4,1,IF(ListingsTable[[#This Row],[rating]]<3.8,1.05,1))))))
AD68: =IF(AND(P68>=3,Z68="Yes",AA68="Yes",O68<>"",L68<>""),"Include","Exclude") -> Exclude | AE68: =IF(A68="","",IF(OR(ListingsTable[[#This Row],[rating]]="",ListingsTable[[#This Row],[review_count]]=""),1.03,IF(ListingsTable[[#This Row],[review_count]]<10,1,IF(ListingsTable[[#This Row],[rating]]>=4.5,0.95,IF(ListingsTable[[#This Row],[rating]]>=4,1,IF(ListingsTable[[#This Row],[rating]]<3.8,1.05,1))))))
... AD76: =IF(AND(P76>=3,Z76="Yes",AA76="Yes",O76<>"",L76<>""),"Include","Exclude") -> Exclude | AE76: =IF(A76="","",IF(OR(ListingsTable[[#This Row],[rating]]="",ListingsTable[[#This Row],[review_count]]=""),1.03,IF(ListingsTable[[#This Row],[review_count]]<10,1,IF(ListingsTable[[#This Row],[rating]]>=4.5,0.95,IF(ListingsTable[[#This Row],[rating]]>=4,1,IF(ListingsTable[[#This Row],[rating]]<3.8,1.05,1))))))

Sheet Retailer Summary
A1: Retailer | B1: Product Count | C1: Best Score | D1: Average Score | E1: Best Product
A2: Aldi | B2: =COUNTIF(Listings!B:B,A2) -> 2 | C2: =IFERROR(_xlfn.MINIFS(Listings!AF:AF,Listings!B:B,A2,Listings!AD:AD,"Include"),"") -> 0.13384635 | D2: =IFERROR(AVERAGEIFS(Listings!AF:AF,Listings!B:B,A2,Listings!AD:AD,"Include"),"") -> 0.1738572 | E2: {=IFERROR(INDEX(Listings!C:C,MATCH(1,(Listings!B:B=A2)*(Listings!AF:AF=C2),0)),"")} -> Saxon Premium Toilet Paper
A3: Amazon | B3: =COUNTIF(Listings!B:B,A3) -> 35 | C3: =IFERROR(_xlfn.MINIFS(Listings!AF:AF,Listings!B:B,A3,Listings!AD:AD,"Include"),"") -> 0.14322581 | D3: =IFERROR(AVERAGEIFS(Listings!AF:AF,Listings!B:B,A3,Listings!AD:AD,"Include"),"") -> 0.30033582 | E3: {=IFERROR(INDEX(Listings!C:C,MATCH(1,(Listings!B:B=A3)*(Listings!AF:AF=C3),0)),"")} -> Lusheen Soft Quilted Toilet Rolls Bulk Buy
A4: Asda | B4: =COUNTIF(Listings!B:B,A4) -> 1 | C4: =IFERROR(_xlfn.MINIFS(Listings!AF:AF,Listings!B:B,A4,Listings!AD:AD,"Include"),"") -> 0.3304202 | D4: =IFERROR(AVERAGEIFS(Listings!AF:AF,Listings!B:B,A4,Listings!AD:AD,"Include"),"") -> 0.3304202 | E4: {=IFERROR(INDEX(Listings!C:C,MATCH(1,(Listings!B:B=A4)*(Listings!AF:AF=C4),0)),"")} -> Cushelle Quilted Toilet Roll
A5: Costco | B5: =COUNTIF(Listings!B:B,A5) -> 2 | C5: =IFERROR(_xlfn.MINIFS(Listings!AF:AF,Listings!B:B,A5,Listings!AD:AD,"Include"),"") -> 0.24666354 | D5: =IFERROR(AVERAGEIFS(Listings!AF:AF,Listings!B:B,A5,Listings!AD:AD,"Include"),"") -> 0.25896935 | E5: {=IFERROR(INDEX(Listings!C:C,MATCH(1,(Listings!B:B=A5)*(Listings!AF:AF=C5),0)),"")} -> Kirkland Signature Triple Satin 3-Ply Toilet Tissue
A6: Home Bargains | B6: =COUNTIF(Listings!B:B,A6) -> 3 | C6: =IFERROR(_xlfn.MINIFS(Listings!AF:AF,Listings!B:B,A6,Listings!AD:AD,"Include"),"") -> 0.14468281 | D6: =IFERROR(AVERAGEIFS(Listings!AF:AF,Listings!B:B,A6,Listings!AD:AD,"Include"),"") -> 0.17191982 | E6: {=IFERROR(INDEX(Listings!C:C,MATCH(1,(Listings!B:B=A6)*(Listings!AF:AF=C6),0)),"")} -> Nicky Elite Quilted 3 Ply Toilet Rolls 64 Pack
A7: Morrisons | B7: =COUNTIF(Listings!B:B,A7) -> 1 | C7: =IFERROR(_xlfn.MINIFS(Listings!AF:AF,Listings!B:B,A7,Listings!AD:AD,"Include"),"") -> 0.17773438 | D7: =IFERROR(AVERAGEIFS(Listings!AF:AF,Listings!B:B,A7,Listings!AD:AD,"Include"),"") -> 0.17773438 | E7: {=IFERROR(INDEX(Listings!C:C,MATCH(1,(Listings!B:B=A7)*(Listings!AF:AF=C7),0)),"")} -> Elegance Gentle Quilted Toilet Paper
A8: Ocado | B8: =COUNTIF(Listings!B:B,A8) -> 2 | C8: =IFERROR(_xlfn.MINIFS(Listings!AF:AF,Listings!B:B,A8,Listings!AD:AD,"Include"),"") -> 0.24319444 | D8: =IFERROR(AVERAGEIFS(Listings!AF:AF,Listings!B:B,A8,Listings!AD:AD,"Include"),"") -> 0.25571181 | E8: {=IFERROR(INDEX(Listings!C:C,MATCH(1,(Listings!B:B=A8)*(Listings!AF:AF=C8),0)),"")} -> Velvet Classic Quilted Toilet Rolls
A9: Sainsbury's | B9: =COUNTIF(Listings!B:B,A9) -> 2 | C9: =IFERROR(_xlfn.MINIFS(Listings!AF:AF,Listings!B:B,A9,Listings!AD:AD,"Include"),"") -> 0.22875817 | D9: =IFERROR(AVERAGEIFS(Listings!AF:AF,Listings!B:B,A9,Listings!AD:AD,"Include"),"") -> 0.33661602 | E9: {=IFERROR(INDEX(Listings!C:C,MATCH(1,(Listings!B:B=A9)*(Listings!AF:AF=C9),0)),"")} -> Sainsbury's Super Soft Toilet Tissue, Quilted
A10: Tesco | B10: =COUNTIF(Listings!B:B,A10) -> 4 | C10: =IFERROR(_xlfn.MINIFS(Listings!AF:AF,Listings!B:B,A10,Listings!AD:AD,"Include"),"") -> 0.1640625 | D10: =IFERROR(AVERAGEIFS(Listings!AF:AF,Listings!B:B,A10,Listings!AD:AD,"Include"),"") -> 0.29508584 | E10: {=IFERROR(INDEX(Listings!C:C,MATCH(1,(Listings!B:B=A10)*(Listings!AF:AF=C10),0)),"")} -> Little Duck Supreme Quilted Toilet Tissue
A11: Tesco Marketplace | B11: =COUNTIF(Listings!B:B,A11) -> 3 | C11: =IFERROR(_xlfn.MINIFS(Listings!AF:AF,Listings!B:B,A11,Listings!AD:AD,"Include"),"") -> 0.21513889 | D11: =IFERROR(AVERAGEIFS(Listings!AF:AF,Listings!B:B,A11,Listings!AD:AD,"Include"),"") -> 0.26808056 | E11: {=IFERROR(INDEX(Listings!C:C,MATCH(1,(Listings!B:B=A11)*(Listings!AF:AF=C11),0)),"")} -> Freedom Inspirations Quilted Soft White 3 Ply Toilet Paper Roll

Sheet Brand Summary
A1: Brand | B1: Product Count | C1: Best Score | D1: Average Score | E1: Best Product
A2: Saxon | B2: =COUNTIF(Listings!D:D,A2) -> 2 | C2: =IFERROR(_xlfn.MINIFS(Listings!AF:AF,Listings!D:D,A2,Listings!AD:AD,"Include"),"") -> 0.13384635 | D2: =IFERROR(AVERAGEIFS(Listings!AF:AF,Listings!D:D,A2,Listings!AD:AD,"Include"),"") -> 0.1738572 | E2: {=IFERROR(INDEX(Listings!C:C,MATCH(1,(Listings!D:D=A2)*(Listings!AF:AF=C2),0)),"")} -> Saxon Premium Toilet Paper
A3: Amazon | B3: =COUNTIF(Listings!D:D,A3) -> 4 | C3: =IFERROR(_xlfn.MINIFS(Listings!AF:AF,Listings!D:D,A3,Listings!AD:AD,"Include"),"") -> 0.19770233 | D3: =IFERROR(AVERAGEIFS(Listings!AF:AF,Listings!D:D,A3,Listings!AD:AD,"Include"),"") -> 0.21932331 | E3: {=IFERROR(INDEX(Listings!C:C,MATCH(1,(Listings!D:D=A3)*(Listings!AF:AF=C3),0)),"")} -> AmazonCommercial Toilet Roll
A4: Andrex | B4: =COUNTIF(Listings!D:D,A4) -> 1 | C4: =IFERROR(_xlfn.MINIFS(Listings!AF:AF,Listings!D:D,A4,Listings!AD:AD,"Include"),"") -> 0.2936828 | D4: =IFERROR(AVERAGEIFS(Listings!AF:AF,Listings!D:D,A4,Listings!AD:AD,"Include"),"") -> 0.2936828 | E4: {=IFERROR(INDEX(Listings!C:C,MATCH(1,(Listings!D:D=A4)*(Listings!AF:AF=C4),0)),"")} -> Andrex Ultimate Quilts Toilet Tissue
A5: Blake & White | B5: =COUNTIF(Listings!D:D,A5) -> 1 | C5: =IFERROR(_xlfn.MINIFS(Listings!AF:AF,Listings!D:D,A5,Listings!AD:AD,"Include"),"") -> 0.41625 | D5: =IFERROR(AVERAGEIFS(Listings!AF:AF,Listings!D:D,A5,Listings!AD:AD,"Include"),"") -> 0.41625 | E5: {=IFERROR(INDEX(Listings!C:C,MATCH(1,(Listings!D:D=A5)*(Listings!AF:AF=C5),0)),"")} -> Blake & White Purely Smile 3 Ply Soft Toilet Rolls
A6: Bliss | B6: =COUNTIF(Listings!D:D,A6) -> 1 | C6: =IFERROR(_xlfn.MINIFS(Listings!AF:AF,Listings!D:D,A6,Listings!AD:AD,"Include"),"") -> 0.3440963 | D6: =IFERROR(AVERAGEIFS(Listings!AF:AF,Listings!D:D,A6,Listings!AD:AD,"Include"),"") -> 0.3440963 | E6: {=IFERROR(INDEX(Listings!C:C,MATCH(1,(Listings!D:D=A6)*(Listings!AF:AF=C6),0)),"")} -> Bliss Quilted Toilet Tissue Rolls
A7: Bumboo | B7: =COUNTIF(Listings!D:D,A7) -> 3 | C7: =IFERROR(_xlfn.MINIFS(Listings!AF:AF,Listings!D:D,A7,Listings!AD:AD,"Include"),"") -> 0.24298611 | D7: =IFERROR(AVERAGEIFS(Listings!AF:AF,Listings!D:D,A7,Listings!AD:AD,"Include"),"") -> 0.28446759 | E7: {=IFERROR(INDEX(Listings!C:C,MATCH(1,(Listings!D:D=A7)*(Listings!AF:AF=C7),0)),"")} -> Bumboo Essentials Toilet Roll 48 Pack
A8: careBee | B8: =COUNTIF(Listings!D:D,A8) -> 1 | C8: =IFERROR(_xlfn.MINIFS(Listings!AF:AF,Listings!D:D,A8,Listings!AD:AD,"Include"),"") -> 0.263625 | D8: =IFERROR(AVERAGEIFS(Listings!AF:AF,Listings!D:D,A8,Listings!AD:AD,"Include"),"") -> 0.263625 | E8: {=IFERROR(INDEX(Listings!C:C,MATCH(1,(Listings!D:D=A8)*(Listings!AF:AF=C8),0)),"")} -> careBee Bamboo Toilet Rolls
A9: Cushelle | B9: =COUNTIF(Listings!D:D,A9) -> 3 | C9: =IFERROR(_xlfn.MINIFS(Listings!AF:AF,Listings!D:D,A9,Listings!AD:AD,"Include"),"") -> 0.27127516 | D9: =IFERROR(AVERAGEIFS(Listings!AF:AF,Listings!D:D,A9,Listings!AD:AD,"Include"),"") -> 0.34872308 | E9: {=IFERROR(INDEX(Listings!C:C,MATCH(1,(Listings!D:D=A9)*(Listings!AF:AF=C9),0)),"")} -> Cushelle Quilted 3-Ply Longer Rolls Toilet Tissue
A10: DHANZIPAK | B10: =COUNTIF(Listings!D:D,A10) -> 1 | C10: =IFERROR(_xlfn.MINIFS(Listings!AF:AF,Listings!D:D,A10,Listings!AD:AD,"Include"),"") -> 0.19068462 | D10: =IFERROR(AVERAGEIFS(Listings!AF:AF,Listings!D:D,A10,Listings!AD:AD,"Include"),"") -> 0.19068462 | E10: {=IFERROR(INDEX(Listings!C:C,MATCH(1,(Listings!D:D=A10)*(Listings!AF:AF=C10),0)),"")} -> DHANZIPAK Premium Quilted Toilet Paper
A11: Elegance | B11: =COUNTIF(Listings!D:D,A11) -> 2 | C11: =IFERROR(_xlfn.MINIFS(Listings!AF:AF,Listings!D:D,A11,Listings!AD:AD,"Include"),"") -> 0.17773438 | D11: =IFERROR(AVERAGEIFS(Listings!AF:AF,Listings!D:D,A11,Listings!AD:AD,"Include"),"") -> 0.20590422 | E11: {=IFERROR(INDEX(Listings!C:C,MATCH(1,(Listings!D:D=A11)*(Listings!AF:AF=C11),0)),"")} -> Elegance Gentle Quilted Toilet Paper
A12: Eloquence | B12: =COUNTIF(Listings!D:D,A12) -> 1 | C12: =IFERROR(_xlfn.MINIFS(Listings!AF:AF,Listings!D:D,A12,Listings!AD:AD,"Include"),"") -> 0.18127451 | D12: =IFERROR(AVERAGEIFS(Listings!AF:AF,Listings!D:D,A12,Listings!AD:AD,"Include"),"") -> 0.18127451 | E12: {=IFERROR(INDEX(Listings!C:C,MATCH(1,(Listings!D:D=A12)*(Listings!AF:AF=C12),0)),"")} -> Eloquence Super Soft Luxuriously Quilted Toilet Tissue Rolls
A13: evoXL | B13: =COUNTIF(Listings!D:D,A13) -> 1 | C13: =IFERROR(_xlfn.MINIFS(Listings!AF:AF,Listings!D:D,A13,Listings!AD:AD,"Include"),"") -> 0.21782051 | D13: =IFERROR(AVERAGEIFS(Listings!AF:AF,Listings!D:D,A13,Listings!AD:AD,"Include"),"") -> 0.21782051 | E13: {=IFERROR(INDEX(Listings!C:C,MATCH(1,(Listings!D:D=A13)*(Listings!AF:AF=C13),0)),"")} -> evoXL Luxury 3-Ply Toilet Tissue
... A41: Who Gives A Crap | B41: =COUNTIF(Listings!D:D,A41) -> 2 | C41: =IFERROR(_xlfn.MINIFS(Listings!AF:AF,Listings!D:D,A41,Listings!AD:AD,"Include"),"") -> 0.27078125 | D41: =IFERROR(AVERAGEIFS(Listings!AF:AF,Listings!D:D,A41,Listings!AD:AD,"Include"),"") -> 0.32443383 | E41: {=IFERROR(INDEX(Listings!C:C,MATCH(1,(Listings!D:D=A41)*(Listings!AF:AF=C41),0)),"")} -> Who Gives A Crap Recycled Toilet Roll

Sheet Dashboard
A1: Dashboard — best-value delivered 3-ply toilet paper
A2: Top 10 included listings by adjusted value score. Lower score = better value.
A4: Included listings | B4: =COUNTIF(Listings!$AD$2:$AD$76,"Include") -> 55
A5: Best score | B5: =IFERROR(MIN(Listings!$AF$2:$AF$76),"") -> 0.13384635
A6: Best product | B6: =IFERROR(INDEX(Listings!$C$2:$C$76,MATCH(1,Listings!$AG$2:$AG$76,0)),"") -> Saxon Premium Toilet Paper
A7: Best retailer | B7: =IFERROR(INDEX(Listings!$B$2:$B$76,MATCH(1,Listings!$AG$2:$AG$76,0)),"") -> Aldi
A8: Last updated | B8: =IFERROR(MAX(Listings!$A$2:$A$76),"") -> 46188
A10: rank | B10: retailer | C10: product_name | D10: delivered_price | E10: price_per_100_sheets | F10: adjusted_value_score | G10: total_sheets | H10: url
A11: 1 | B11: =IFERROR(INDEX(Listings!$B$2:$B$76,MATCH($A11,Listings!$AG$2:$AG$76,0)),"") -> Aldi | C11: =IFERROR(INDEX(Listings!$C$2:$C$76,MATCH($A11,Listings!$AG$2:$AG$76,0)),"") -> Saxon Premium Toilet Paper | D11: =IFERROR(INDEX(Listings!$L$2:$L$76,MATCH($A11,Listings!$AG$2:$AG$76,0)),"") -> 4.99 | E11: =IFERROR(INDEX(Listings!$V$2:$V$76,MATCH($A11,Listings!$AG$2:$AG$76,0)),"") -> 0.12994792 | F11: =IFERROR(INDEX(Listings!$AF$2:$AF$76,MATCH($A11,Listings!$AG$2:$AG$76,0)),"") -> 0.13384635 | G11: =IFERROR(INDEX(Listings!$O$2:$O$76,MATCH($A11,Listings!$AG$2:$AG$76,0)),"") -> 3840 | H11: =IFERROR(INDEX(Listings!$E$2:$E$76,MATCH($A11,Listings!$AG$2:$AG$76,0)),"") -> https://www.aldi.co.uk/product/saxon-premium-toilet-paper-12-pack-000000000000632047
A12: 2 | B12: =IFERROR(INDEX(Listings!$B$2:$B$76,MATCH($A12,Listings!$AG$2:$AG$76,0)),"") -> Amazon | C12: =IFERROR(INDEX(Listings!$C$2:$C$76,MATCH($A12,Listings!$AG$2:$AG$76,0)),"") -> Lusheen Soft Quilted Toilet Rolls Bulk Buy | D12: =IFERROR(INDEX(Listings!$L$2:$L$76,MATCH($A12,Listings!$AG$2:$AG$76,0)),"") -> 9.99 | E12: =IFERROR(INDEX(Listings!$V$2:$V$76,MATCH($A12,Listings!$AG$2:$AG$76,0)),"") -> 0.14322581 | F12: =IFERROR(INDEX(Listings!$AF$2:$AF$76,MATCH($A12,Listings!$AG$2:$AG$76,0)),"") -> 0.14322581 | G12: =IFERROR(INDEX(Listings!$O$2:$O$76,MATCH($A12,Listings!$AG$2:$AG$76,0)),"") -> 6975 | H12: =IFERROR(INDEX(Listings!$E$2:$E$76,MATCH($A12,Listings!$AG$2:$AG$76,0)),"") -> https://www.amazon.co.uk/Lusheen-Soft-Quilted-Toilet-Rolls/dp/B0FS1XXWCP/ref=sr_1_62?dib=eyJ2IjoiMSJ9.zLBvAWWN9LXeSGaNKgq_kwu6K1tlIUQdQ3a_4ewJtlE4qQ5y8DlucRLVp_it6y2lT9Uysy5s91Jtpyca3GJsv58AKGjDe5GuyTokuf0pLuT1_rCCxETb1BiZpYsPLtCwLawjed9U8b5A8Pydxb_3mMxg_sDdo6U5pXdELasD7ydsMqXbqDle7JsKTYxfiF0s12xowJD9FwgD3Abj05V9F1FQU1bviCm5doI-7Iu2zPERwvnjX9Ke7E-Mf-2ELd1tbut23mbKYpXSXH0lIOAFQnrwfonOaq4np4WztNOX5T4.wrBMswEacn4pfixDjRlhv2_T6bhTNv02JKGWJOoCHCw&dib_tag=se&keywords=toilet+rolls+3ply&qid=1781348762&xpid=FjHbdT4PCS1_n
A13: 3 | B13: =IFERROR(INDEX(Listings!$B$2:$B$76,MATCH($A13,Listings!$AG$2:$AG$76,0)),"") -> Home Bargains | C13: =IFERROR(INDEX(Listings!$C$2:$C$76,MATCH($A13,Listings!$AG$2:$AG$76,0)),"") -> Nicky Elite Quilted 3 Ply Toilet Rolls 64 Pack | D13: =IFERROR(INDEX(Listings!$L$2:$L$76,MATCH($A13,Listings!$AG$2:$AG$76,0)),"") -> 17.98 | E13: =IFERROR(INDEX(Listings!$V$2:$V$76,MATCH($A13,Listings!$AG$2:$AG$76,0)),"") -> 0.14046875 | F13: =IFERROR(INDEX(Listings!$AF$2:$AF$76,MATCH($A13,Listings!$AG$2:$AG$76,0)),"") -> 0.14468281 | G13: =IFERROR(INDEX(Listings!$O$2:$O$76,MATCH($A13,Listings!$AG$2:$AG$76,0)),"") -> 12800 | H13: =IFERROR(INDEX(Listings!$E$2:$E$76,MATCH($A13,Listings!$AG$2:$AG$76,0)),"") -> https://home.bargains/product/661dc0c2-2147-4d26-ad99-1334b3c19db4/nicky-elite-quilted-3-ply-toilet-rolls-64-pack-delivery-included?qid=f75f1b64a41775a62f475de1c55991cc
A14: 4 | B14: =IFERROR(INDEX(Listings!$B$2:$B$76,MATCH($A14,Listings!$AG$2:$AG$76,0)),"") -> Tesco | C14: =IFERROR(INDEX(Listings!$C$2:$C$76,MATCH($A14,Listings!$AG$2:$AG$76,0)),"") -> Little Duck Supreme Quilted Toilet Tissue | D14: =IFERROR(INDEX(Listings!$L$2:$L$76,MATCH($A14,Listings!$AG$2:$AG$76,0)),"") -> 6 | E14: =IFERROR(INDEX(Listings!$V$2:$V$76,MATCH($A14,Listings!$AG$2:$AG$76,0)),"") -> 0.15625 | F14: =IFERROR(INDEX(Listings!$AF$2:$AF$76,MATCH($A14,Listings!$AG$2:$AG$76,0)),"") -> 0.1640625 | G14: =IFERROR(INDEX(Listings!$O$2:$O$76,MATCH($A14,Listings!$AG$2:$AG$76,0)),"") -> 3840 | H14: =IFERROR(INDEX(Listings!$E$2:$E$76,MATCH($A14,Listings!$AG$2:$AG$76,0)),"") -> https://www.tesco.com/shop/en-GB/products/321034855?_gl=1*sk0av2*_up*MQ..*_ga*Njg3NDQwODQyLjE3ODEzMDY1OTI.*_ga_H653QXESTP*czE3ODEzMDY1ODkkbzEkZzAkdDE3ODEzMDY1OTEkajU4JGwwJGg2MzYzNjI3Mjg.*_ga_33B19D36CY*czE3ODEzMDY1OTEkbzEkZzEkdDE3ODEzMDY5MTEkajYwJGwwJGgxNTA2NjcyMjk0
A15: 5 | B15: =IFERROR(INDEX(Listings!$B$2:$B$76,MATCH($A15,Listings!$AG$2:$AG$76,0)),"") -> Amazon | C15: =IFERROR(INDEX(Listings!$C$2:$C$76,MATCH($A15,Listings!$AG$2:$AG$76,0)),"") -> Serenity Toilet Rolls | D15: =IFERROR(INDEX(Listings!$L$2:$L$76,MATCH($A15,Listings!$AG$2:$AG$76,0)),"") -> 18.99 | E15: =IFERROR(INDEX(Listings!$V$2:$V$76,MATCH($A15,Listings!$AG$2:$AG$76,0)),"") -> 0.16484375 | F15: =IFERROR(INDEX(Listings!$AF$2:$AF$76,MATCH($A15,Listings!$AG$2:$AG$76,0)),"") -> 0.16484375 | G15: =IFERROR(INDEX(Listings!$O$2:$O$76,MATCH($A15,Listings!$AG$2:$AG$76,0)),"") -> 11520 | H15: =IFERROR(INDEX(Listings!$E$2:$E$76,MATCH($A15,Listings!$AG$2:$AG$76,0)),"") -> https://www.amazon.co.uk/dp/B0F9X2GWGG/ref=sspa_dk_detail_3?pd_rd_i=B0F9X2GWGG&pd_rd_w=YFjNz&content-id=amzn1.sym.2f04b396-4cf6-4c10-837f-e222197e3b38&pf_rd_p=2f04b396-4cf6-4c10-837f-e222197e3b38&pf_rd_r=ZNA7W733GQ76FAY9A47Y&pd_rd_wg=KCuZj&pd_rd_r=9a025201-41a8-4ecb-8339-9caf239e3056&aref=GjSls8fb7p&sp_csd=d2lkZ2V0TmFtZT1zcF9kZXRhaWxfdGhlbWF0aWM&th=1
A16: 6 | B16: =IFERROR(INDEX(Listings!$B$2:$B$76,MATCH($A16,Listings!$AG$2:$AG$76,0)),"") -> Home Bargains | C16: =IFERROR(INDEX(Listings!$C$2:$C$76,MATCH($A16,Listings!$AG$2:$AG$76,0)),"") -> Premium Comfy Soft Quilted 3 Ply Toilet Tissue | D16: =IFERROR(INDEX(Listings!$L$2:$L$76,MATCH($A16,Listings!$AG$2:$AG$76,0)),"") -> 18.99 | E16: =IFERROR(INDEX(Listings!$V$2:$V$76,MATCH($A16,Listings!$AG$2:$AG$76,0)),"") -> 0.16484375 | F16: =IFERROR(INDEX(Listings!$AF$2:$AF$76,MATCH($A16,Listings!$AG$2:$AG$76,0)),"") -> 0.16978906 | G16: =IFERROR(INDEX(Listings!$O$2:$O$76,MATCH($A16,Listings!$AG$2:$AG$76,0)),"") -> 11520 | H16: =IFERROR(INDEX(Listings!$E$2:$E$76,MATCH($A16,Listings!$AG$2:$AG$76,0)),"") -> https://home.bargains/product/82ee3af9-627d-4995-9914-a93fa929d359/premium-comfy-soft-quilted-3-ply-toilet-tissue-24-rolls-x3-delivery-included?qid=f75f1b64a41775a62f475de1c55991cc
A17: 7 | B17: =IFERROR(INDEX(Listings!$B$2:$B$76,MATCH($A17,Listings!$AG$2:$AG$76,0)),"") -> Amazon | C17: =IFERROR(INDEX(Listings!$C$2:$C$76,MATCH($A17,Listings!$AG$2:$AG$76,0)),"") -> Serenity Toilet Tissue | D17: =IFERROR(INDEX(Listings!$L$2:$L$76,MATCH($A17,Listings!$AG$2:$AG$76,0)),"") -> 14.15 | E17: =IFERROR(INDEX(Listings!$V$2:$V$76,MATCH($A17,Listings!$AG$2:$AG$76,0)),"") -> 0.17469136 | F17: =IFERROR(INDEX(Listings!$AF$2:$AF$76,MATCH($A17,Listings!$AG$2:$AG$76,0)),"") -> 0.17469136 | G17: =IFERROR(INDEX(Listings!$O$2:$O$76,MATCH($A17,Listings!$AG$2:$AG$76,0)),"") -> 8100 | H17: =IFERROR(INDEX(Listings!$E$2:$E$76,MATCH($A17,Listings!$AG$2:$AG$76,0)),"") -> https://www.amazon.co.uk/Serenity-Quilted-Luxuriously-Hypoallergenic-Sustainable/dp/B0DZ18FKFY/ref=sr_1_13_sspa?dib=eyJ2IjoiMSJ9.0VrQIYFNkddqjafxnBR4YTeWgT5cLGR5Y8SPipAYeZS7pFul15p3BNZPd_roKbmNl9KhjGGNEDuDFHWeP6gZK3n554gP9GbeOL7U6C9yEYVshr-m1kTidS7YVXLWWw8AaLPFGJWLKYZq4oftUEF_sYbAfbLrgnQChJRXcNYBXpD8kBom22EdiTv9sy8TAzYdXzr7vaec0trGkYXh8cxLh-UrEUvkYocXltZ4T1_IDxgnO91LF_hDl_Gv_unq777iVpJKCaDCRyz2vRRT3upJJXWAGp_rvuI7HVkbnVW4ZZM.Z9LHQyKSlJpjdNFJrgAVwXrwtwqWXrNRFB5oyJ00uso&dib_tag=se&keywords=toilet%2Brolls%2B3ply&qid=1781348685&sr=8-13-spons&aref=rwCRoscNUH&sp_csd=d2lkZ2V0TmFtZT1zcF9tdGY&th=1
A18: 8 | B18: =IFERROR(INDEX(Listings!$B$2:$B$76,MATCH($A18,Listings!$AG$2:$AG$76,0)),"") -> Amazon | C18: =IFERROR(INDEX(Listings!$C$2:$C$76,MATCH($A18,Listings!$AG$2:$AG$76,0)),"") -> Softlux Toilet Rolls | D18: =IFERROR(INDEX(Listings!$L$2:$L$76,MATCH($A18,Listings!$AG$2:$AG$76,0)),"") -> 25.49 | E18: =IFERROR(INDEX(Listings!$V$2:$V$76,MATCH($A18,Listings!$AG$2:$AG$76,0)),"") -> 0.17701389 | F18: =IFERROR(INDEX(Listings!$AF$2:$AF$76,MATCH($A18,Listings!$AG$2:$AG$76,0)),"") -> 0.17701389 | G18: =IFERROR(INDEX(Listings!$O$2:$O$76,MATCH($A18,Listings!$AG$2:$AG$76,0)),"") -> 14400 | H18: =IFERROR(INDEX(Listings!$E$2:$E$76,MATCH($A18,Listings!$AG$2:$AG$76,0)),"") -> https://www.amazon.co.uk/Softlux-Toilet-Embossed-Quilted-Unscented/dp/B0GMJZL6T8/ref=sr_1_84?dib=eyJ2IjoiMSJ9.zLBvAWWN9LXeSGaNKgq_kwu6K1tlIUQdQ3a_4ewJtlE4qQ5y8DlucRLVp_it6y2lT9Uysy5s91Jtpyca3GJsv58AKGjDe5GuyTokuf0pLuT1_rCCxETb1BiZpYsPLtCwLawjed9U8b5A8Pydxb_3mMxg_sDdo6U5pXdELasD7ydsMqXbqDle7JsKTYxfiF0s12xowJD9FwgD3Abj05V9F1FQU1bviCm5doI-7Iu2zPERwvnjX9Ke7E-Mf-2ELd1tbut23mbKYpXSXH0lIOAFQnrwfonOaq4np4WztNOX5T4.wrBMswEacn4pfixDjRlhv2_T6bhTNv02JKGWJOoCHCw&dib_tag=se&keywords=toilet+rolls+3ply&qid=1781348762&xpid=FjHbdT4PCS1_n
A19: 9 | B19: =IFERROR(INDEX(Listings!$B$2:$B$76,MATCH($A19,Listings!$AG$2:$AG$76,0)),"") -> Morrisons | C19: =IFERROR(INDEX(Listings!$C$2:$C$76,MATCH($A19,Listings!$AG$2:$AG$76,0)),"") -> Elegance Gentle Quilted Toilet Paper | D19: =IFERROR(INDEX(Listings!$L$2:$L$76,MATCH($A19,Listings!$AG$2:$AG$76,0)),"") -> 6.5 | E19: =IFERROR(INDEX(Listings!$V$2:$V$76,MATCH($A19,Listings!$AG$2:$AG$76,0)),"") -> 0.16927083 | F19: =IFERROR(INDEX(Listings!$AF$2:$AF$76,MATCH($A19,Listings!$AG$2:$AG$76,0)),"") -> 0.17773438 | G19: =IFERROR(INDEX(Listings!$O$2:$O$76,MATCH($A19,Listings!$AG$2:$AG$76,0)),"") -> 3840 | H19: =IFERROR(INDEX(Listings!$E$2:$E$76,MATCH($A19,Listings!$AG$2:$AG$76,0)),"") -> https://groceries.morrisons.com/products/elegance-gentle-quilted-toilet-paper-24-pack/113348943
A20: 10 | B20: =IFERROR(INDEX(Listings!$B$2:$B$76,MATCH($A20,Listings!$AG$2:$AG$76,0)),"") -> Amazon | C20: =IFERROR(INDEX(Listings!$C$2:$C$76,MATCH($A20,Listings!$AG$2:$AG$76,0)),"") -> Eloquence Super Soft Luxuriously Quilted Toilet Tissue Rolls | D20: =IFERROR(INDEX(Listings!$L$2:$L$76,MATCH($A20,Listings!$AG$2:$AG$76,0)),"") -> 18.49 | E20: =IFERROR(INDEX(Listings!$V$2:$V$76,MATCH($A20,Listings!$AG$2:$AG$76,0)),"") -> 0.18127451 | F20: =IFERROR(INDEX(Listings!$AF$2:$AF$76,MATCH($A20,Listings!$AG$2:$AG$76,0)),"") -> 0.18127451 | G20: =IFERROR(INDEX(Listings!$O$2:$O$76,MATCH($A20,Listings!$AG$2:$AG$76,0)),"") -> 10200 | H20: =IFERROR(INDEX(Listings!$E$2:$E$76,MATCH($A20,Listings!$AG$2:$AG$76,0)),"") -> https://www.amazon.co.uk/Eloquence-Luxuriously-Carefully-Manufactured-Certified/dp/B0GCWW9SLH/ref=sr_1_104?dib=eyJ2IjoiMSJ9.0aKA_PMLIKi2qGTchC6dPM5zhv8QsLw5eUUuDlCSE_fciUTE0oVddZ7NNloM0K-kT9TfCodEDyPi97i00T3eKQDFnA5_sVmcnAjpT7sw9YeRI-stOQCHUaKr9uHkw8uLqJaQbjwE3RYh-mL_1dAvjGWh3f9KlQ0Tf_-utSX-4MrlcYA5jXUL5eeX2WJNsr6V00EpqfrEXfjbhCqqZfmmG3pFt9JnDVJmN3he0e56IBi-Ou8B8eM1tIoPirzfizNAfJbmX96Q6ofLwnboOt2irCSCGUCqO7ZPjjqn83S6mnY.w6hjR7-hjluwhACGaPledFpWgPZmiomJwu0HguJEeWc&dib_tag=se&keywords=toilet+rolls+3ply&qid=1781537902&xpid=FjHbdT4PCS1_n
A23: Formula note
A24: This file avoids FILTER, SORT, UNIQUE, LET, XLOOKUP and other newer dynamic formulas. It uses INDEX/MATCH, RANK.EQ, COUNTIF and IFERROR to reduce Excel repair issues.

Sheet Retailer Rules
A1: retailer | B1: default_delivery_fee | C1: small_order_charge | D1: minimum_order_value | E1: notes | F1: source_url
A2: Amazon | E2: Fill with your actual Prime/Subscribe & Save assumptions.
A3: Tesco | E3: Use standalone only if you are ordering toilet paper alone; otherwise use grocery add-on.
A4: Asda | E4: Add delivery/minimum basket rules if using grocery delivery.
A5: Sainsbury's | E5: Add Nectar/member pricing notes if relevant.
A6: Ocado | E6: Delivery slots can vary; choose a consistent assumption.

Sheet Lookups
A1: delivery_mode | B1: yes_no | C1: data_confidence | D1: include_status | E1: total_sheets_source | F1: category
A2: Standalone order | B2: Yes | C2: High | D2: Include | E2: Direct | F2: best overall
A3: Grocery add-on | B3: No | C3: Medium | D3: Exclude | E3: Calculated | F3: best amazon option
A4: Prorated delivery | C4: Low | E4: Unknown | F4: best supermarket
F5: best bulk buy
F6: best premium option
F7: avoid / poor value
